Rank|Pair|Length|Image Cardinality|Image|Is Strictly Increasing|Is RGF Sequence
0|(0, 0)|2|1|(0,)|False|True
1|(1, 0)|2|2|(0, 1)|False|True
2|(0, 1)|2|2|(0, 1)|True|True
3|(2, 0)|2|2|(0, 2)|False|False
4|(1, 1)|2|1|(1,)|False|True
5|(0, 2)|2|2|(0, 2)|True|False
6|(3, 0)|2|2|(0, 3)|False|False
7|(2, 1)|2|2|(1, 2)|False|False
8|(1, 2)|2|2|(1, 2)|True|True
9|(0, 3)|2|2|(0, 3)|True|False
10|(4, 0)|2|2|(0, 4)|False|False
11|(3, 1)|2|2|(1, 3)|False|False
12|(2, 2)|2|1|(2,)|False|False
13|(1, 3)|2|2|(1, 3)|True|False
14|(0, 4)|2|2|(0, 4)|True|False
15|(5, 0)|2|2|(0, 5)|False|False
16|(4, 1)|2|2|(1, 4)|False|False
17|(3, 2)|2|2|(2, 3)|False|False
18|(2, 3)|2|2|(2, 3)|True|False
19|(1, 4)|2|2|(1, 4)|True|False
20|(0, 5)|2|2|(0, 5)|True|False
21|(6, 0)|2|2|(0, 6)|False|False
22|(5, 1)|2|2|(1, 5)|False|False
23|(4, 2)|2|2|(2, 4)|False|False
24|(3, 3)|2|1|(3,)|False|False
25|(2, 4)|2|2|(2, 4)|True|False
26|(1, 5)|2|2|(1, 5)|True|False
27|(0, 6)|2|2|(0, 6)|True|False
28|(7, 0)|2|2|(0, 7)|False|False
29|(6, 1)|2|2|(1, 6)|False|False
30|(5, 2)|2|2|(2, 5)|False|False
31|(4, 3)|2|2|(3, 4)|False|False
32|(3, 4)|2|2|(3, 4)|True|False
33|(2, 5)|2|2|(2, 5)|True|False
34|(1, 6)|2|2|(1, 6)|True|False
35|(0, 7)|2|2|(0, 7)|True|False
36|(8, 0)|2|2|(0, 8)|False|False
37|(7, 1)|2|2|(1, 7)|False|False
38|(6, 2)|2|2|(2, 6)|False|False
39|(5, 3)|2|2|(3, 5)|False|False
40|(4, 4)|2|1|(4,)|False|False
41|(3, 5)|2|2|(3, 5)|True|False
42|(2, 6)|2|2|(2, 6)|True|False
43|(1, 7)|2|2|(1, 7)|True|False
44|(0, 8)|2|2|(0, 8)|True|False
45|(9, 0)|2|2|(0, 9)|False|False
46|(8, 1)|2|2|(1, 8)|False|False
47|(7, 2)|2|2|(2, 7)|False|False
48|(6, 3)|2|2|(3, 6)|False|False
49|(5, 4)|2|2|(4, 5)|False|False
50|(4, 5)|2|2|(4, 5)|True|False
51|(3, 6)|2|2|(3, 6)|True|False
52|(2, 7)|2|2|(2, 7)|True|False
53|(1, 8)|2|2|(1, 8)|True|False
54|(0, 9)|2|2|(0, 9)|True|False
55|(10, 0)|2|2|(0, 10)|False|False
56|(9, 1)|2|2|(1, 9)|False|False
57|(8, 2)|2|2|(2, 8)|False|False
58|(7, 3)|2|2|(3, 7)|False|False
59|(6, 4)|2|2|(4, 6)|False|False
60|(5, 5)|2|1|(5,)|False|False
61|(4, 6)|2|2|(4, 6)|True|False
62|(3, 7)|2|2|(3, 7)|True|False
63|(2, 8)|2|2|(2, 8)|True|False
64|(1, 9)|2|2|(1, 9)|True|False
65|(0, 10)|2|2|(0, 10)|True|False
66|(11, 0)|2|2|(0, 11)|False|False
67|(10, 1)|2|2|(1, 10)|False|False
68|(9, 2)|2|2|(2, 9)|False|False
69|(8, 3)|2|2|(3, 8)|False|False
70|(7, 4)|2|2|(4, 7)|False|False
71|(6, 5)|2|2|(5, 6)|False|False
72|(5, 6)|2|2|(5, 6)|True|False
73|(4, 7)|2|2|(4, 7)|True|False
74|(3, 8)|2|2|(3, 8)|True|False
75|(2, 9)|2|2|(2, 9)|True|False
76|(1, 10)|2|2|(1, 10)|True|False
77|(0, 11)|2|2|(0, 11)|True|False
78|(12, 0)|2|2|(0, 12)|False|False
79|(11, 1)|2|2|(1, 11)|False|False
80|(10, 2)|2|2|(2, 10)|False|False
81|(9, 3)|2|2|(3, 9)|False|False
82|(8, 4)|2|2|(4, 8)|False|False
83|(7, 5)|2|2|(5, 7)|False|False
84|(6, 6)|2|1|(6,)|False|False
85|(5, 7)|2|2|(5, 7)|True|False
86|(4, 8)|2|2|(4, 8)|True|False
87|(3, 9)|2|2|(3, 9)|True|False
88|(2, 10)|2|2|(2, 10)|True|False
89|(1, 11)|2|2|(1, 11)|True|False
90|(0, 12)|2|2|(0, 12)|True|False
91|(13, 0)|2|2|(0, 13)|False|False
92|(12, 1)|2|2|(1, 12)|False|False
93|(11, 2)|2|2|(2, 11)|False|False
94|(10, 3)|2|2|(3, 10)|False|False
95|(9, 4)|2|2|(4, 9)|False|False
96|(8, 5)|2|2|(5, 8)|False|False
97|(7, 6)|2|2|(6, 7)|False|False
98|(6, 7)|2|2|(6, 7)|True|False
99|(5, 8)|2|2|(5, 8)|True|False
100|(4, 9)|2|2|(4, 9)|True|False
101|(3, 10)|2|2|(3, 10)|True|False
102|(2, 11)|2|2|(2, 11)|True|False
103|(1, 12)|2|2|(1, 12)|True|False
104|(0, 13)|2|2|(0, 13)|True|False
105|(14, 0)|2|2|(0, 14)|False|False
106|(13, 1)|2|2|(1, 13)|False|False
107|(12, 2)|2|2|(2, 12)|False|False
108|(11, 3)|2|2|(3, 11)|False|False
109|(10, 4)|2|2|(4, 10)|False|False
110|(9, 5)|2|2|(5, 9)|False|False
111|(8, 6)|2|2|(6, 8)|False|False
112|(7, 7)|2|1|(7,)|False|False
113|(6, 8)|2|2|(6, 8)|True|False
114|(5, 9)|2|2|(5, 9)|True|False
115|(4, 10)|2|2|(4, 10)|True|False
116|(3, 11)|2|2|(3, 11)|True|False
117|(2, 12)|2|2|(2, 12)|True|False
118|(1, 13)|2|2|(1, 13)|True|False
119|(0, 14)|2|2|(0, 14)|True|False
120|(15, 0)|2|2|(0, 15)|False|False
121|(14, 1)|2|2|(1, 14)|False|False
122|(13, 2)|2|2|(2, 13)|False|False
123|(12, 3)|2|2|(3, 12)|False|False
124|(11, 4)|2|2|(4, 11)|False|False
125|(10, 5)|2|2|(5, 10)|False|False
126|(9, 6)|2|2|(6, 9)|False|False
127|(8, 7)|2|2|(7, 8)|False|False
128|(7, 8)|2|2|(7, 8)|True|False
129|(6, 9)|2|2|(6, 9)|True|False
130|(5, 10)|2|2|(5, 10)|True|False
131|(4, 11)|2|2|(4, 11)|True|False
132|(3, 12)|2|2|(3, 12)|True|False
133|(2, 13)|2|2|(2, 13)|True|False
134|(1, 14)|2|2|(1, 14)|True|False
135|(0, 15)|2|2|(0, 15)|True|False
136|(16, 0)|2|2|(0, 16)|False|False
137|(15, 1)|2|2|(1, 15)|False|False
138|(14, 2)|2|2|(2, 14)|False|False
139|(13, 3)|2|2|(3, 13)|False|False
140|(12, 4)|2|2|(4, 12)|False|False
141|(11, 5)|2|2|(5, 11)|False|False
142|(10, 6)|2|2|(6, 10)|False|False
143|(9, 7)|2|2|(7, 9)|False|False
144|(8, 8)|2|1|(8,)|False|False
145|(7, 9)|2|2|(7, 9)|True|False
146|(6, 10)|2|2|(6, 10)|True|False
147|(5, 11)|2|2|(5, 11)|True|False
148|(4, 12)|2|2|(4, 12)|True|False
149|(3, 13)|2|2|(3, 13)|True|False
150|(2, 14)|2|2|(2, 14)|True|False
151|(1, 15)|2|2|(1, 15)|True|False
152|(0, 16)|2|2|(0, 16)|True|False
153|(17, 0)|2|2|(0, 17)|False|False
154|(16, 1)|2|2|(1, 16)|False|False
155|(15, 2)|2|2|(2, 15)|False|False
156|(14, 3)|2|2|(3, 14)|False|False
157|(13, 4)|2|2|(4, 13)|False|False
158|(12, 5)|2|2|(5, 12)|False|False
159|(11, 6)|2|2|(6, 11)|False|False
160|(10, 7)|2|2|(7, 10)|False|False
161|(9, 8)|2|2|(8, 9)|False|False
162|(8, 9)|2|2|(8, 9)|True|False
163|(7, 10)|2|2|(7, 10)|True|False
164|(6, 11)|2|2|(6, 11)|True|False
165|(5, 12)|2|2|(5, 12)|True|False
166|(4, 13)|2|2|(4, 13)|True|False
167|(3, 14)|2|2|(3, 14)|True|False
168|(2, 15)|2|2|(2, 15)|True|False
169|(1, 16)|2|2|(1, 16)|True|False
170|(0, 17)|2|2|(0, 17)|True|False
171|(18, 0)|2|2|(0, 18)|False|False
172|(17, 1)|2|2|(1, 17)|False|False
173|(16, 2)|2|2|(2, 16)|False|False
174|(15, 3)|2|2|(3, 15)|False|False
175|(14, 4)|2|2|(4, 14)|False|False
176|(13, 5)|2|2|(5, 13)|False|False
177|(12, 6)|2|2|(6, 12)|False|False
178|(11, 7)|2|2|(7, 11)|False|False
179|(10, 8)|2|2|(8, 10)|False|False
180|(9, 9)|2|1|(9,)|False|False
181|(8, 10)|2|2|(8, 10)|True|False
182|(7, 11)|2|2|(7, 11)|True|False
183|(6, 12)|2|2|(6, 12)|True|False
184|(5, 13)|2|2|(5, 13)|True|False
185|(4, 14)|2|2|(4, 14)|True|False
186|(3, 15)|2|2|(3, 15)|True|False
187|(2, 16)|2|2|(2, 16)|True|False
188|(1, 17)|2|2|(1, 17)|True|False
189|(0, 18)|2|2|(0, 18)|True|False
190|(19, 0)|2|2|(0, 19)|False|False
191|(18, 1)|2|2|(1, 18)|False|False
192|(17, 2)|2|2|(2, 17)|False|False
193|(16, 3)|2|2|(3, 16)|False|False
194|(15, 4)|2|2|(4, 15)|False|False
195|(14, 5)|2|2|(5, 14)|False|False
196|(13, 6)|2|2|(6, 13)|False|False
197|(12, 7)|2|2|(7, 12)|False|False
198|(11, 8)|2|2|(8, 11)|False|False
199|(10, 9)|2|2|(9, 10)|False|False
200|(9, 10)|2|2|(9, 10)|True|False
201|(8, 11)|2|2|(8, 11)|True|False
202|(7, 12)|2|2|(7, 12)|True|False
203|(6, 13)|2|2|(6, 13)|True|False
204|(5, 14)|2|2|(5, 14)|True|False
205|(4, 15)|2|2|(4, 15)|True|False
206|(3, 16)|2|2|(3, 16)|True|False
207|(2, 17)|2|2|(2, 17)|True|False
208|(1, 18)|2|2|(1, 18)|True|False
209|(0, 19)|2|2|(0, 19)|True|False
210|(20, 0)|2|2|(0, 20)|False|False
211|(19, 1)|2|2|(1, 19)|False|False
212|(18, 2)|2|2|(2, 18)|False|False
213|(17, 3)|2|2|(3, 17)|False|False
214|(16, 4)|2|2|(4, 16)|False|False
215|(15, 5)|2|2|(5, 15)|False|False
216|(14, 6)|2|2|(6, 14)|False|False
217|(13, 7)|2|2|(7, 13)|False|False
218|(12, 8)|2|2|(8, 12)|False|False
219|(11, 9)|2|2|(9, 11)|False|False
220|(10, 10)|2|1|(10,)|False|False
221|(9, 11)|2|2|(9, 11)|True|False
222|(8, 12)|2|2|(8, 12)|True|False
223|(7, 13)|2|2|(7, 13)|True|False
224|(6, 14)|2|2|(6, 14)|True|False
225|(5, 15)|2|2|(5, 15)|True|False
226|(4, 16)|2|2|(4, 16)|True|False
227|(3, 17)|2|2|(3, 17)|True|False
228|(2, 18)|2|2|(2, 18)|True|False
229|(1, 19)|2|2|(1, 19)|True|False
230|(0, 20)|2|2|(0, 20)|True|False
231|(21, 0)|2|2|(0, 21)|False|False
232|(20, 1)|2|2|(1, 20)|False|False
233|(19, 2)|2|2|(2, 19)|False|False
234|(18, 3)|2|2|(3, 18)|False|False
235|(17, 4)|2|2|(4, 17)|False|False
236|(16, 5)|2|2|(5, 16)|False|False
237|(15, 6)|2|2|(6, 15)|False|False
238|(14, 7)|2|2|(7, 14)|False|False
239|(13, 8)|2|2|(8, 13)|False|False
240|(12, 9)|2|2|(9, 12)|False|False
241|(11, 10)|2|2|(10, 11)|False|False
242|(10, 11)|2|2|(10, 11)|True|False
243|(9, 12)|2|2|(9, 12)|True|False
244|(8, 13)|2|2|(8, 13)|True|False
245|(7, 14)|2|2|(7, 14)|True|False
246|(6, 15)|2|2|(6, 15)|True|False
247|(5, 16)|2|2|(5, 16)|True|False
248|(4, 17)|2|2|(4, 17)|True|False
249|(3, 18)|2|2|(3, 18)|True|False
250|(2, 19)|2|2|(2, 19)|True|False
251|(1, 20)|2|2|(1, 20)|True|False
252|(0, 21)|2|2|(0, 21)|True|False
253|(22, 0)|2|2|(0, 22)|False|False
254|(21, 1)|2|2|(1, 21)|False|False
255|(20, 2)|2|2|(2, 20)|False|False
256|(19, 3)|2|2|(3, 19)|False|False
257|(18, 4)|2|2|(4, 18)|False|False
258|(17, 5)|2|2|(5, 17)|False|False
259|(16, 6)|2|2|(6, 16)|False|False
260|(15, 7)|2|2|(7, 15)|False|False
261|(14, 8)|2|2|(8, 14)|False|False
262|(13, 9)|2|2|(9, 13)|False|False
263|(12, 10)|2|2|(10, 12)|False|False
264|(11, 11)|2|1|(11,)|False|False
265|(10, 12)|2|2|(10, 12)|True|False
266|(9, 13)|2|2|(9, 13)|True|False
267|(8, 14)|2|2|(8, 14)|True|False
268|(7, 15)|2|2|(7, 15)|True|False
269|(6, 16)|2|2|(6, 16)|True|False
270|(5, 17)|2|2|(5, 17)|True|False
271|(4, 18)|2|2|(4, 18)|True|False
272|(3, 19)|2|2|(3, 19)|True|False
273|(2, 20)|2|2|(2, 20)|True|False
274|(1, 21)|2|2|(1, 21)|True|False
275|(0, 22)|2|2|(0, 22)|True|False
276|(23, 0)|2|2|(0, 23)|False|False
277|(22, 1)|2|2|(1, 22)|False|False
278|(21, 2)|2|2|(2, 21)|False|False
279|(20, 3)|2|2|(3, 20)|False|False
280|(19, 4)|2|2|(4, 19)|False|False
281|(18, 5)|2|2|(5, 18)|False|False
282|(17, 6)|2|2|(6, 17)|False|False
283|(16, 7)|2|2|(7, 16)|False|False
284|(15, 8)|2|2|(8, 15)|False|False
285|(14, 9)|2|2|(9, 14)|False|False
286|(13, 10)|2|2|(10, 13)|False|False
287|(12, 11)|2|2|(11, 12)|False|False
288|(11, 12)|2|2|(11, 12)|True|False
289|(10, 13)|2|2|(10, 13)|True|False
290|(9, 14)|2|2|(9, 14)|True|False
291|(8, 15)|2|2|(8, 15)|True|False
292|(7, 16)|2|2|(7, 16)|True|False
293|(6, 17)|2|2|(6, 17)|True|False
294|(5, 18)|2|2|(5, 18)|True|False
295|(4, 19)|2|2|(4, 19)|True|False
296|(3, 20)|2|2|(3, 20)|True|False
297|(2, 21)|2|2|(2, 21)|True|False
298|(1, 22)|2|2|(1, 22)|True|False
299|(0, 23)|2|2|(0, 23)|True|False
300|(24, 0)|2|2|(0, 24)|False|False
301|(23, 1)|2|2|(1, 23)|False|False
302|(22, 2)|2|2|(2, 22)|False|False
303|(21, 3)|2|2|(3, 21)|False|False
304|(20, 4)|2|2|(4, 20)|False|False
305|(19, 5)|2|2|(5, 19)|False|False
306|(18, 6)|2|2|(6, 18)|False|False
307|(17, 7)|2|2|(7, 17)|False|False
308|(16, 8)|2|2|(8, 16)|False|False
309|(15, 9)|2|2|(9, 15)|False|False
310|(14, 10)|2|2|(10, 14)|False|False
311|(13, 11)|2|2|(11, 13)|False|False
312|(12, 12)|2|1|(12,)|False|False
313|(11, 13)|2|2|(11, 13)|True|False
314|(10, 14)|2|2|(10, 14)|True|False
315|(9, 15)|2|2|(9, 15)|True|False
316|(8, 16)|2|2|(8, 16)|True|False
317|(7, 17)|2|2|(7, 17)|True|False
318|(6, 18)|2|2|(6, 18)|True|False
319|(5, 19)|2|2|(5, 19)|True|False
320|(4, 20)|2|2|(4, 20)|True|False
321|(3, 21)|2|2|(3, 21)|True|False
322|(2, 22)|2|2|(2, 22)|True|False
323|(1, 23)|2|2|(1, 23)|True|False
324|(0, 24)|2|2|(0, 24)|True|False
325|(25, 0)|2|2|(0, 25)|False|False
326|(24, 1)|2|2|(1, 24)|False|False
327|(23, 2)|2|2|(2, 23)|False|False
328|(22, 3)|2|2|(3, 22)|False|False
329|(21, 4)|2|2|(4, 21)|False|False
330|(20, 5)|2|2|(5, 20)|False|False
331|(19, 6)|2|2|(6, 19)|False|False
332|(18, 7)|2|2|(7, 18)|False|False
333|(17, 8)|2|2|(8, 17)|False|False
334|(16, 9)|2|2|(9, 16)|False|False
335|(15, 10)|2|2|(10, 15)|False|False
336|(14, 11)|2|2|(11, 14)|False|False
337|(13, 12)|2|2|(12, 13)|False|False
338|(12, 13)|2|2|(12, 13)|True|False
339|(11, 14)|2|2|(11, 14)|True|False
340|(10, 15)|2|2|(10, 15)|True|False
341|(9, 16)|2|2|(9, 16)|True|False
342|(8, 17)|2|2|(8, 17)|True|False
343|(7, 18)|2|2|(7, 18)|True|False
344|(6, 19)|2|2|(6, 19)|True|False
345|(5, 20)|2|2|(5, 20)|True|False
346|(4, 21)|2|2|(4, 21)|True|False
347|(3, 22)|2|2|(3, 22)|True|False
348|(2, 23)|2|2|(2, 23)|True|False
349|(1, 24)|2|2|(1, 24)|True|False
350|(0, 25)|2|2|(0, 25)|True|False
351|(26, 0)|2|2|(0, 26)|False|False
352|(25, 1)|2|2|(1, 25)|False|False
353|(24, 2)|2|2|(2, 24)|False|False
354|(23, 3)|2|2|(3, 23)|False|False
355|(22, 4)|2|2|(4, 22)|False|False
356|(21, 5)|2|2|(5, 21)|False|False
357|(20, 6)|2|2|(6, 20)|False|False
358|(19, 7)|2|2|(7, 19)|False|False
359|(18, 8)|2|2|(8, 18)|False|False
360|(17, 9)|2|2|(9, 17)|False|False
361|(16, 10)|2|2|(10, 16)|False|False
362|(15, 11)|2|2|(11, 15)|False|False
363|(14, 12)|2|2|(12, 14)|False|False
364|(13, 13)|2|1|(13,)|False|False
365|(12, 14)|2|2|(12, 14)|True|False
366|(11, 15)|2|2|(11, 15)|True|False
367|(10, 16)|2|2|(10, 16)|True|False
368|(9, 17)|2|2|(9, 17)|True|False
369|(8, 18)|2|2|(8, 18)|True|False
370|(7, 19)|2|2|(7, 19)|True|False
371|(6, 20)|2|2|(6, 20)|True|False
372|(5, 21)|2|2|(5, 21)|True|False
373|(4, 22)|2|2|(4, 22)|True|False
374|(3, 23)|2|2|(3, 23)|True|False
375|(2, 24)|2|2|(2, 24)|True|False
376|(1, 25)|2|2|(1, 25)|True|False
377|(0, 26)|2|2|(0, 26)|True|False
378|(27, 0)|2|2|(0, 27)|False|False
379|(26, 1)|2|2|(1, 26)|False|False
380|(25, 2)|2|2|(2, 25)|False|False
381|(24, 3)|2|2|(3, 24)|False|False
382|(23, 4)|2|2|(4, 23)|False|False
383|(22, 5)|2|2|(5, 22)|False|False
384|(21, 6)|2|2|(6, 21)|False|False
385|(20, 7)|2|2|(7, 20)|False|False
386|(19, 8)|2|2|(8, 19)|False|False
387|(18, 9)|2|2|(9, 18)|False|False
388|(17, 10)|2|2|(10, 17)|False|False
389|(16, 11)|2|2|(11, 16)|False|False
390|(15, 12)|2|2|(12, 15)|False|False
391|(14, 13)|2|2|(13, 14)|False|False
392|(13, 14)|2|2|(13, 14)|True|False
393|(12, 15)|2|2|(12, 15)|True|False
394|(11, 16)|2|2|(11, 16)|True|False
395|(10, 17)|2|2|(10, 17)|True|False
396|(9, 18)|2|2|(9, 18)|True|False
397|(8, 19)|2|2|(8, 19)|True|False
398|(7, 20)|2|2|(7, 20)|True|False
399|(6, 21)|2|2|(6, 21)|True|False
400|(5, 22)|2|2|(5, 22)|True|False
401|(4, 23)|2|2|(4, 23)|True|False
402|(3, 24)|2|2|(3, 24)|True|False
403|(2, 25)|2|2|(2, 25)|True|False
404|(1, 26)|2|2|(1, 26)|True|False
405|(0, 27)|2|2|(0, 27)|True|False
406|(28, 0)|2|2|(0, 28)|False|False
407|(27, 1)|2|2|(1, 27)|False|False
408|(26, 2)|2|2|(2, 26)|False|False
409|(25, 3)|2|2|(3, 25)|False|False
410|(24, 4)|2|2|(4, 24)|False|False
411|(23, 5)|2|2|(5, 23)|False|False
412|(22, 6)|2|2|(6, 22)|False|False
413|(21, 7)|2|2|(7, 21)|False|False
414|(20, 8)|2|2|(8, 20)|False|False
415|(19, 9)|2|2|(9, 19)|False|False
416|(18, 10)|2|2|(10, 18)|False|False
417|(17, 11)|2|2|(11, 17)|False|False
418|(16, 12)|2|2|(12, 16)|False|False
419|(15, 13)|2|2|(13, 15)|False|False
420|(14, 14)|2|1|(14,)|False|False
421|(13, 15)|2|2|(13, 15)|True|False
422|(12, 16)|2|2|(12, 16)|True|False
423|(11, 17)|2|2|(11, 17)|True|False
424|(10, 18)|2|2|(10, 18)|True|False
425|(9, 19)|2|2|(9, 19)|True|False
426|(8, 20)|2|2|(8, 20)|True|False
427|(7, 21)|2|2|(7, 21)|True|False
428|(6, 22)|2|2|(6, 22)|True|False
429|(5, 23)|2|2|(5, 23)|True|False
430|(4, 24)|2|2|(4, 24)|True|False
431|(3, 25)|2|2|(3, 25)|True|False
432|(2, 26)|2|2|(2, 26)|True|False
433|(1, 27)|2|2|(1, 27)|True|False
434|(0, 28)|2|2|(0, 28)|True|False
435|(29, 0)|2|2|(0, 29)|False|False
436|(28, 1)|2|2|(1, 28)|False|False
437|(27, 2)|2|2|(2, 27)|False|False
438|(26, 3)|2|2|(3, 26)|False|False
439|(25, 4)|2|2|(4, 25)|False|False
440|(24, 5)|2|2|(5, 24)|False|False
441|(23, 6)|2|2|(6, 23)|False|False
442|(22, 7)|2|2|(7, 22)|False|False
443|(21, 8)|2|2|(8, 21)|False|False
444|(20, 9)|2|2|(9, 20)|False|False
445|(19, 10)|2|2|(10, 19)|False|False
446|(18, 11)|2|2|(11, 18)|False|False
447|(17, 12)|2|2|(12, 17)|False|False
448|(16, 13)|2|2|(13, 16)|False|False
449|(15, 14)|2|2|(14, 15)|False|False
450|(14, 15)|2|2|(14, 15)|True|False
451|(13, 16)|2|2|(13, 16)|True|False
452|(12, 17)|2|2|(12, 17)|True|False
453|(11, 18)|2|2|(11, 18)|True|False
454|(10, 19)|2|2|(10, 19)|True|False
455|(9, 20)|2|2|(9, 20)|True|False
456|(8, 21)|2|2|(8, 21)|True|False
457|(7, 22)|2|2|(7, 22)|True|False
458|(6, 23)|2|2|(6, 23)|True|False
459|(5, 24)|2|2|(5, 24)|True|False
460|(4, 25)|2|2|(4, 25)|True|False
461|(3, 26)|2|2|(3, 26)|True|False
462|(2, 27)|2|2|(2, 27)|True|False
463|(1, 28)|2|2|(1, 28)|True|False
464|(0, 29)|2|2|(0, 29)|True|False
465|(30, 0)|2|2|(0, 30)|False|False
466|(29, 1)|2|2|(1, 29)|False|False
467|(28, 2)|2|2|(2, 28)|False|False
468|(27, 3)|2|2|(3, 27)|False|False
469|(26, 4)|2|2|(4, 26)|False|False
470|(25, 5)|2|2|(5, 25)|False|False
471|(24, 6)|2|2|(6, 24)|False|False
472|(23, 7)|2|2|(7, 23)|False|False
473|(22, 8)|2|2|(8, 22)|False|False
474|(21, 9)|2|2|(9, 21)|False|False
475|(20, 10)|2|2|(10, 20)|False|False
476|(19, 11)|2|2|(11, 19)|False|False
477|(18, 12)|2|2|(12, 18)|False|False
478|(17, 13)|2|2|(13, 17)|False|False
479|(16, 14)|2|2|(14, 16)|False|False
480|(15, 15)|2|1|(15,)|False|False
481|(14, 16)|2|2|(14, 16)|True|False
482|(13, 17)|2|2|(13, 17)|True|False
483|(12, 18)|2|2|(12, 18)|True|False
484|(11, 19)|2|2|(11, 19)|True|False
485|(10, 20)|2|2|(10, 20)|True|False
486|(9, 21)|2|2|(9, 21)|True|False
487|(8, 22)|2|2|(8, 22)|True|False
488|(7, 23)|2|2|(7, 23)|True|False
489|(6, 24)|2|2|(6, 24)|True|False
490|(5, 25)|2|2|(5, 25)|True|False
491|(4, 26)|2|2|(4, 26)|True|False
492|(3, 27)|2|2|(3, 27)|True|False
493|(2, 28)|2|2|(2, 28)|True|False
494|(1, 29)|2|2|(1, 29)|True|False
495|(0, 30)|2|2|(0, 30)|True|False
496|(31, 0)|2|2|(0, 31)|False|False
497|(30, 1)|2|2|(1, 30)|False|False
498|(29, 2)|2|2|(2, 29)|False|False
499|(28, 3)|2|2|(3, 28)|False|False
500|(27, 4)|2|2|(4, 27)|False|False
501|(26, 5)|2|2|(5, 26)|False|False
502|(25, 6)|2|2|(6, 25)|False|False
503|(24, 7)|2|2|(7, 24)|False|False
504|(23, 8)|2|2|(8, 23)|False|False
505|(22, 9)|2|2|(9, 22)|False|False
506|(21, 10)|2|2|(10, 21)|False|False
507|(20, 11)|2|2|(11, 20)|False|False
508|(19, 12)|2|2|(12, 19)|False|False
509|(18, 13)|2|2|(13, 18)|False|False
510|(17, 14)|2|2|(14, 17)|False|False
511|(16, 15)|2|2|(15, 16)|False|False
512|(15, 16)|2|2|(15, 16)|True|False
513|(14, 17)|2|2|(14, 17)|True|False
514|(13, 18)|2|2|(13, 18)|True|False
515|(12, 19)|2|2|(12, 19)|True|False
516|(11, 20)|2|2|(11, 20)|True|False
517|(10, 21)|2|2|(10, 21)|True|False
518|(9, 22)|2|2|(9, 22)|True|False
519|(8, 23)|2|2|(8, 23)|True|False
520|(7, 24)|2|2|(7, 24)|True|False
521|(6, 25)|2|2|(6, 25)|True|False
522|(5, 26)|2|2|(5, 26)|True|False
523|(4, 27)|2|2|(4, 27)|True|False
524|(3, 28)|2|2|(3, 28)|True|False
525|(2, 29)|2|2|(2, 29)|True|False
526|(1, 30)|2|2|(1, 30)|True|False
527|(0, 31)|2|2|(0, 31)|True|False
528|(32, 0)|2|2|(0, 32)|False|False
529|(31, 1)|2|2|(1, 31)|False|False
530|(30, 2)|2|2|(2, 30)|False|False
531|(29, 3)|2|2|(3, 29)|False|False
532|(28, 4)|2|2|(4, 28)|False|False
533|(27, 5)|2|2|(5, 27)|False|False
534|(26, 6)|2|2|(6, 26)|False|False
535|(25, 7)|2|2|(7, 25)|False|False
536|(24, 8)|2|2|(8, 24)|False|False
537|(23, 9)|2|2|(9, 23)|False|False
538|(22, 10)|2|2|(10, 22)|False|False
539|(21, 11)|2|2|(11, 21)|False|False
540|(20, 12)|2|2|(12, 20)|False|False
541|(19, 13)|2|2|(13, 19)|False|False
542|(18, 14)|2|2|(14, 18)|False|False
543|(17, 15)|2|2|(15, 17)|False|False
544|(16, 16)|2|1|(16,)|False|False
545|(15, 17)|2|2|(15, 17)|True|False
546|(14, 18)|2|2|(14, 18)|True|False
547|(13, 19)|2|2|(13, 19)|True|False
548|(12, 20)|2|2|(12, 20)|True|False
549|(11, 21)|2|2|(11, 21)|True|False
550|(10, 22)|2|2|(10, 22)|True|False
551|(9, 23)|2|2|(9, 23)|True|False
552|(8, 24)|2|2|(8, 24)|True|False
553|(7, 25)|2|2|(7, 25)|True|False
554|(6, 26)|2|2|(6, 26)|True|False
555|(5, 27)|2|2|(5, 27)|True|False
556|(4, 28)|2|2|(4, 28)|True|False
557|(3, 29)|2|2|(3, 29)|True|False
558|(2, 30)|2|2|(2, 30)|True|False
559|(1, 31)|2|2|(1, 31)|True|False
560|(0, 32)|2|2|(0, 32)|True|False
561|(33, 0)|2|2|(0, 33)|False|False
562|(32, 1)|2|2|(1, 32)|False|False
563|(31, 2)|2|2|(2, 31)|False|False
564|(30, 3)|2|2|(3, 30)|False|False
565|(29, 4)|2|2|(4, 29)|False|False
566|(28, 5)|2|2|(5, 28)|False|False
567|(27, 6)|2|2|(6, 27)|False|False
568|(26, 7)|2|2|(7, 26)|False|False
569|(25, 8)|2|2|(8, 25)|False|False
570|(24, 9)|2|2|(9, 24)|False|False
571|(23, 10)|2|2|(10, 23)|False|False
572|(22, 11)|2|2|(11, 22)|False|False
573|(21, 12)|2|2|(12, 21)|False|False
574|(20, 13)|2|2|(13, 20)|False|False
575|(19, 14)|2|2|(14, 19)|False|False
576|(18, 15)|2|2|(15, 18)|False|False
577|(17, 16)|2|2|(16, 17)|False|False
578|(16, 17)|2|2|(16, 17)|True|False
579|(15, 18)|2|2|(15, 18)|True|False
580|(14, 19)|2|2|(14, 19)|True|False
581|(13, 20)|2|2|(13, 20)|True|False
582|(12, 21)|2|2|(12, 21)|True|False
583|(11, 22)|2|2|(11, 22)|True|False
584|(10, 23)|2|2|(10, 23)|True|False
585|(9, 24)|2|2|(9, 24)|True|False
586|(8, 25)|2|2|(8, 25)|True|False
587|(7, 26)|2|2|(7, 26)|True|False
588|(6, 27)|2|2|(6, 27)|True|False
589|(5, 28)|2|2|(5, 28)|True|False
590|(4, 29)|2|2|(4, 29)|True|False
591|(3, 30)|2|2|(3, 30)|True|False
592|(2, 31)|2|2|(2, 31)|True|False
593|(1, 32)|2|2|(1, 32)|True|False
594|(0, 33)|2|2|(0, 33)|True|False
595|(34, 0)|2|2|(0, 34)|False|False
596|(33, 1)|2|2|(1, 33)|False|False
597|(32, 2)|2|2|(2, 32)|False|False
598|(31, 3)|2|2|(3, 31)|False|False
599|(30, 4)|2|2|(4, 30)|False|False
600|(29, 5)|2|2|(5, 29)|False|False
601|(28, 6)|2|2|(6, 28)|False|False
602|(27, 7)|2|2|(7, 27)|False|False
603|(26, 8)|2|2|(8, 26)|False|False
604|(25, 9)|2|2|(9, 25)|False|False
605|(24, 10)|2|2|(10, 24)|False|False
606|(23, 11)|2|2|(11, 23)|False|False
607|(22, 12)|2|2|(12, 22)|False|False
608|(21, 13)|2|2|(13, 21)|False|False
609|(20, 14)|2|2|(14, 20)|False|False
610|(19, 15)|2|2|(15, 19)|False|False
611|(18, 16)|2|2|(16, 18)|False|False
612|(17, 17)|2|1|(17,)|False|False
613|(16, 18)|2|2|(16, 18)|True|False
614|(15, 19)|2|2|(15, 19)|True|False
615|(14, 20)|2|2|(14, 20)|True|False
616|(13, 21)|2|2|(13, 21)|True|False
617|(12, 22)|2|2|(12, 22)|True|False
618|(11, 23)|2|2|(11, 23)|True|False
619|(10, 24)|2|2|(10, 24)|True|False
620|(9, 25)|2|2|(9, 25)|True|False
621|(8, 26)|2|2|(8, 26)|True|False
622|(7, 27)|2|2|(7, 27)|True|False
623|(6, 28)|2|2|(6, 28)|True|False
624|(5, 29)|2|2|(5, 29)|True|False
625|(4, 30)|2|2|(4, 30)|True|False
626|(3, 31)|2|2|(3, 31)|True|False
627|(2, 32)|2|2|(2, 32)|True|False
628|(1, 33)|2|2|(1, 33)|True|False
629|(0, 34)|2|2|(0, 34)|True|False
630|(35, 0)|2|2|(0, 35)|False|False
631|(34, 1)|2|2|(1, 34)|False|False
632|(33, 2)|2|2|(2, 33)|False|False
633|(32, 3)|2|2|(3, 32)|False|False
634|(31, 4)|2|2|(4, 31)|False|False
635|(30, 5)|2|2|(5, 30)|False|False
636|(29, 6)|2|2|(6, 29)|False|False
637|(28, 7)|2|2|(7, 28)|False|False
638|(27, 8)|2|2|(8, 27)|False|False
639|(26, 9)|2|2|(9, 26)|False|False
640|(25, 10)|2|2|(10, 25)|False|False
641|(24, 11)|2|2|(11, 24)|False|False
642|(23, 12)|2|2|(12, 23)|False|False
643|(22, 13)|2|2|(13, 22)|False|False
644|(21, 14)|2|2|(14, 21)|False|False
645|(20, 15)|2|2|(15, 20)|False|False
646|(19, 16)|2|2|(16, 19)|False|False
647|(18, 17)|2|2|(17, 18)|False|False
648|(17, 18)|2|2|(17, 18)|True|False
649|(16, 19)|2|2|(16, 19)|True|False
650|(15, 20)|2|2|(15, 20)|True|False
651|(14, 21)|2|2|(14, 21)|True|False
652|(13, 22)|2|2|(13, 22)|True|False
653|(12, 23)|2|2|(12, 23)|True|False
654|(11, 24)|2|2|(11, 24)|True|False
655|(10, 25)|2|2|(10, 25)|True|False
656|(9, 26)|2|2|(9, 26)|True|False
657|(8, 27)|2|2|(8, 27)|True|False
658|(7, 28)|2|2|(7, 28)|True|False
659|(6, 29)|2|2|(6, 29)|True|False
660|(5, 30)|2|2|(5, 30)|True|False
661|(4, 31)|2|2|(4, 31)|True|False
662|(3, 32)|2|2|(3, 32)|True|False
663|(2, 33)|2|2|(2, 33)|True|False
664|(1, 34)|2|2|(1, 34)|True|False
665|(0, 35)|2|2|(0, 35)|True|False
666|(36, 0)|2|2|(0, 36)|False|False
667|(35, 1)|2|2|(1, 35)|False|False
668|(34, 2)|2|2|(2, 34)|False|False
669|(33, 3)|2|2|(3, 33)|False|False
670|(32, 4)|2|2|(4, 32)|False|False
671|(31, 5)|2|2|(5, 31)|False|False
672|(30, 6)|2|2|(6, 30)|False|False
673|(29, 7)|2|2|(7, 29)|False|False
674|(28, 8)|2|2|(8, 28)|False|False
675|(27, 9)|2|2|(9, 27)|False|False
676|(26, 10)|2|2|(10, 26)|False|False
677|(25, 11)|2|2|(11, 25)|False|False
678|(24, 12)|2|2|(12, 24)|False|False
679|(23, 13)|2|2|(13, 23)|False|False
680|(22, 14)|2|2|(14, 22)|False|False
681|(21, 15)|2|2|(15, 21)|False|False
682|(20, 16)|2|2|(16, 20)|False|False
683|(19, 17)|2|2|(17, 19)|False|False
684|(18, 18)|2|1|(18,)|False|False
685|(17, 19)|2|2|(17, 19)|True|False
686|(16, 20)|2|2|(16, 20)|True|False
687|(15, 21)|2|2|(15, 21)|True|False
688|(14, 22)|2|2|(14, 22)|True|False
689|(13, 23)|2|2|(13, 23)|True|False
690|(12, 24)|2|2|(12, 24)|True|False
691|(11, 25)|2|2|(11, 25)|True|False
692|(10, 26)|2|2|(10, 26)|True|False
693|(9, 27)|2|2|(9, 27)|True|False
694|(8, 28)|2|2|(8, 28)|True|False
695|(7, 29)|2|2|(7, 29)|True|False
696|(6, 30)|2|2|(6, 30)|True|False
697|(5, 31)|2|2|(5, 31)|True|False
698|(4, 32)|2|2|(4, 32)|True|False
699|(3, 33)|2|2|(3, 33)|True|False
700|(2, 34)|2|2|(2, 34)|True|False
701|(1, 35)|2|2|(1, 35)|True|False
702|(0, 36)|2|2|(0, 36)|True|False
703|(37, 0)|2|2|(0, 37)|False|False
704|(36, 1)|2|2|(1, 36)|False|False
705|(35, 2)|2|2|(2, 35)|False|False
706|(34, 3)|2|2|(3, 34)|False|False
707|(33, 4)|2|2|(4, 33)|False|False
708|(32, 5)|2|2|(5, 32)|False|False
709|(31, 6)|2|2|(6, 31)|False|False
710|(30, 7)|2|2|(7, 30)|False|False
711|(29, 8)|2|2|(8, 29)|False|False
712|(28, 9)|2|2|(9, 28)|False|False
713|(27, 10)|2|2|(10, 27)|False|False
714|(26, 11)|2|2|(11, 26)|False|False
715|(25, 12)|2|2|(12, 25)|False|False
716|(24, 13)|2|2|(13, 24)|False|False
717|(23, 14)|2|2|(14, 23)|False|False
718|(22, 15)|2|2|(15, 22)|False|False
719|(21, 16)|2|2|(16, 21)|False|False
720|(20, 17)|2|2|(17, 20)|False|False
721|(19, 18)|2|2|(18, 19)|False|False
722|(18, 19)|2|2|(18, 19)|True|False
723|(17, 20)|2|2|(17, 20)|True|False
724|(16, 21)|2|2|(16, 21)|True|False
725|(15, 22)|2|2|(15, 22)|True|False
726|(14, 23)|2|2|(14, 23)|True|False
727|(13, 24)|2|2|(13, 24)|True|False
728|(12, 25)|2|2|(12, 25)|True|False
729|(11, 26)|2|2|(11, 26)|True|False
730|(10, 27)|2|2|(10, 27)|True|False
731|(9, 28)|2|2|(9, 28)|True|False
732|(8, 29)|2|2|(8, 29)|True|False
733|(7, 30)|2|2|(7, 30)|True|False
734|(6, 31)|2|2|(6, 31)|True|False
735|(5, 32)|2|2|(5, 32)|True|False
736|(4, 33)|2|2|(4, 33)|True|False
737|(3, 34)|2|2|(3, 34)|True|False
738|(2, 35)|2|2|(2, 35)|True|False
739|(1, 36)|2|2|(1, 36)|True|False
740|(0, 37)|2|2|(0, 37)|True|False
741|(38, 0)|2|2|(0, 38)|False|False
742|(37, 1)|2|2|(1, 37)|False|False
743|(36, 2)|2|2|(2, 36)|False|False
744|(35, 3)|2|2|(3, 35)|False|False
745|(34, 4)|2|2|(4, 34)|False|False
746|(33, 5)|2|2|(5, 33)|False|False
747|(32, 6)|2|2|(6, 32)|False|False
748|(31, 7)|2|2|(7, 31)|False|False
749|(30, 8)|2|2|(8, 30)|False|False
750|(29, 9)|2|2|(9, 29)|False|False
751|(28, 10)|2|2|(10, 28)|False|False
752|(27, 11)|2|2|(11, 27)|False|False
753|(26, 12)|2|2|(12, 26)|False|False
754|(25, 13)|2|2|(13, 25)|False|False
755|(24, 14)|2|2|(14, 24)|False|False
756|(23, 15)|2|2|(15, 23)|False|False
757|(22, 16)|2|2|(16, 22)|False|False
758|(21, 17)|2|2|(17, 21)|False|False
759|(20, 18)|2|2|(18, 20)|False|False
760|(19, 19)|2|1|(19,)|False|False
761|(18, 20)|2|2|(18, 20)|True|False
762|(17, 21)|2|2|(17, 21)|True|False
763|(16, 22)|2|2|(16, 22)|True|False
764|(15, 23)|2|2|(15, 23)|True|False
765|(14, 24)|2|2|(14, 24)|True|False
766|(13, 25)|2|2|(13, 25)|True|False
767|(12, 26)|2|2|(12, 26)|True|False
768|(11, 27)|2|2|(11, 27)|True|False
769|(10, 28)|2|2|(10, 28)|True|False
770|(9, 29)|2|2|(9, 29)|True|False
771|(8, 30)|2|2|(8, 30)|True|False
772|(7, 31)|2|2|(7, 31)|True|False
773|(6, 32)|2|2|(6, 32)|True|False
774|(5, 33)|2|2|(5, 33)|True|False
775|(4, 34)|2|2|(4, 34)|True|False
776|(3, 35)|2|2|(3, 35)|True|False
777|(2, 36)|2|2|(2, 36)|True|False
778|(1, 37)|2|2|(1, 37)|True|False
779|(0, 38)|2|2|(0, 38)|True|False
780|(39, 0)|2|2|(0, 39)|False|False
781|(38, 1)|2|2|(1, 38)|False|False
782|(37, 2)|2|2|(2, 37)|False|False
783|(36, 3)|2|2|(3, 36)|False|False
784|(35, 4)|2|2|(4, 35)|False|False
785|(34, 5)|2|2|(5, 34)|False|False
786|(33, 6)|2|2|(6, 33)|False|False
787|(32, 7)|2|2|(7, 32)|False|False
788|(31, 8)|2|2|(8, 31)|False|False
789|(30, 9)|2|2|(9, 30)|False|False
790|(29, 10)|2|2|(10, 29)|False|False
791|(28, 11)|2|2|(11, 28)|False|False
792|(27, 12)|2|2|(12, 27)|False|False
793|(26, 13)|2|2|(13, 26)|False|False
794|(25, 14)|2|2|(14, 25)|False|False
795|(24, 15)|2|2|(15, 24)|False|False
796|(23, 16)|2|2|(16, 23)|False|False
797|(22, 17)|2|2|(17, 22)|False|False
798|(21, 18)|2|2|(18, 21)|False|False
799|(20, 19)|2|2|(19, 20)|False|False
800|(19, 20)|2|2|(19, 20)|True|False
801|(18, 21)|2|2|(18, 21)|True|False
802|(17, 22)|2|2|(17, 22)|True|False
803|(16, 23)|2|2|(16, 23)|True|False
804|(15, 24)|2|2|(15, 24)|True|False
805|(14, 25)|2|2|(14, 25)|True|False
806|(13, 26)|2|2|(13, 26)|True|False
807|(12, 27)|2|2|(12, 27)|True|False
808|(11, 28)|2|2|(11, 28)|True|False
809|(10, 29)|2|2|(10, 29)|True|False
810|(9, 30)|2|2|(9, 30)|True|False
811|(8, 31)|2|2|(8, 31)|True|False
812|(7, 32)|2|2|(7, 32)|True|False
813|(6, 33)|2|2|(6, 33)|True|False
814|(5, 34)|2|2|(5, 34)|True|False
815|(4, 35)|2|2|(4, 35)|True|False
816|(3, 36)|2|2|(3, 36)|True|False
817|(2, 37)|2|2|(2, 37)|True|False
818|(1, 38)|2|2|(1, 38)|True|False
819|(0, 39)|2|2|(0, 39)|True|False
820|(40, 0)|2|2|(0, 40)|False|False
821|(39, 1)|2|2|(1, 39)|False|False
822|(38, 2)|2|2|(2, 38)|False|False
823|(37, 3)|2|2|(3, 37)|False|False
824|(36, 4)|2|2|(4, 36)|False|False
825|(35, 5)|2|2|(5, 35)|False|False
826|(34, 6)|2|2|(6, 34)|False|False
827|(33, 7)|2|2|(7, 33)|False|False
828|(32, 8)|2|2|(8, 32)|False|False
829|(31, 9)|2|2|(9, 31)|False|False
830|(30, 10)|2|2|(10, 30)|False|False
831|(29, 11)|2|2|(11, 29)|False|False
832|(28, 12)|2|2|(12, 28)|False|False
833|(27, 13)|2|2|(13, 27)|False|False
834|(26, 14)|2|2|(14, 26)|False|False
835|(25, 15)|2|2|(15, 25)|False|False
836|(24, 16)|2|2|(16, 24)|False|False
837|(23, 17)|2|2|(17, 23)|False|False
838|(22, 18)|2|2|(18, 22)|False|False
839|(21, 19)|2|2|(19, 21)|False|False
840|(20, 20)|2|1|(20,)|False|False
841|(19, 21)|2|2|(19, 21)|True|False
842|(18, 22)|2|2|(18, 22)|True|False
843|(17, 23)|2|2|(17, 23)|True|False
844|(16, 24)|2|2|(16, 24)|True|False
845|(15, 25)|2|2|(15, 25)|True|False
846|(14, 26)|2|2|(14, 26)|True|False
847|(13, 27)|2|2|(13, 27)|True|False
848|(12, 28)|2|2|(12, 28)|True|False
849|(11, 29)|2|2|(11, 29)|True|False
850|(10, 30)|2|2|(10, 30)|True|False
851|(9, 31)|2|2|(9, 31)|True|False
852|(8, 32)|2|2|(8, 32)|True|False
853|(7, 33)|2|2|(7, 33)|True|False
854|(6, 34)|2|2|(6, 34)|True|False
855|(5, 35)|2|2|(5, 35)|True|False
856|(4, 36)|2|2|(4, 36)|True|False
857|(3, 37)|2|2|(3, 37)|True|False
858|(2, 38)|2|2|(2, 38)|True|False
859|(1, 39)|2|2|(1, 39)|True|False
860|(0, 40)|2|2|(0, 40)|True|False
861|(41, 0)|2|2|(0, 41)|False|False
862|(40, 1)|2|2|(1, 40)|False|False
863|(39, 2)|2|2|(2, 39)|False|False
864|(38, 3)|2|2|(3, 38)|False|False
865|(37, 4)|2|2|(4, 37)|False|False
866|(36, 5)|2|2|(5, 36)|False|False
867|(35, 6)|2|2|(6, 35)|False|False
868|(34, 7)|2|2|(7, 34)|False|False
869|(33, 8)|2|2|(8, 33)|False|False
870|(32, 9)|2|2|(9, 32)|False|False
871|(31, 10)|2|2|(10, 31)|False|False
872|(30, 11)|2|2|(11, 30)|False|False
873|(29, 12)|2|2|(12, 29)|False|False
874|(28, 13)|2|2|(13, 28)|False|False
875|(27, 14)|2|2|(14, 27)|False|False
876|(26, 15)|2|2|(15, 26)|False|False
877|(25, 16)|2|2|(16, 25)|False|False
878|(24, 17)|2|2|(17, 24)|False|False
879|(23, 18)|2|2|(18, 23)|False|False
880|(22, 19)|2|2|(19, 22)|False|False
881|(21, 20)|2|2|(20, 21)|False|False
882|(20, 21)|2|2|(20, 21)|True|False
883|(19, 22)|2|2|(19, 22)|True|False
884|(18, 23)|2|2|(18, 23)|True|False
885|(17, 24)|2|2|(17, 24)|True|False
886|(16, 25)|2|2|(16, 25)|True|False
887|(15, 26)|2|2|(15, 26)|True|False
888|(14, 27)|2|2|(14, 27)|True|False
889|(13, 28)|2|2|(13, 28)|True|False
890|(12, 29)|2|2|(12, 29)|True|False
891|(11, 30)|2|2|(11, 30)|True|False
892|(10, 31)|2|2|(10, 31)|True|False
893|(9, 32)|2|2|(9, 32)|True|False
894|(8, 33)|2|2|(8, 33)|True|False
895|(7, 34)|2|2|(7, 34)|True|False
896|(6, 35)|2|2|(6, 35)|True|False
897|(5, 36)|2|2|(5, 36)|True|False
898|(4, 37)|2|2|(4, 37)|True|False
899|(3, 38)|2|2|(3, 38)|True|False
900|(2, 39)|2|2|(2, 39)|True|False
901|(1, 40)|2|2|(1, 40)|True|False
902|(0, 41)|2|2|(0, 41)|True|False
903|(42, 0)|2|2|(0, 42)|False|False
904|(41, 1)|2|2|(1, 41)|False|False
905|(40, 2)|2|2|(2, 40)|False|False
906|(39, 3)|2|2|(3, 39)|False|False
907|(38, 4)|2|2|(4, 38)|False|False
908|(37, 5)|2|2|(5, 37)|False|False
909|(36, 6)|2|2|(6, 36)|False|False
910|(35, 7)|2|2|(7, 35)|False|False
911|(34, 8)|2|2|(8, 34)|False|False
912|(33, 9)|2|2|(9, 33)|False|False
913|(32, 10)|2|2|(10, 32)|False|False
914|(31, 11)|2|2|(11, 31)|False|False
915|(30, 12)|2|2|(12, 30)|False|False
916|(29, 13)|2|2|(13, 29)|False|False
917|(28, 14)|2|2|(14, 28)|False|False
918|(27, 15)|2|2|(15, 27)|False|False
919|(26, 16)|2|2|(16, 26)|False|False
920|(25, 17)|2|2|(17, 25)|False|False
921|(24, 18)|2|2|(18, 24)|False|False
922|(23, 19)|2|2|(19, 23)|False|False
923|(22, 20)|2|2|(20, 22)|False|False
924|(21, 21)|2|1|(21,)|False|False
925|(20, 22)|2|2|(20, 22)|True|False
926|(19, 23)|2|2|(19, 23)|True|False
927|(18, 24)|2|2|(18, 24)|True|False
928|(17, 25)|2|2|(17, 25)|True|False
929|(16, 26)|2|2|(16, 26)|True|False
930|(15, 27)|2|2|(15, 27)|True|False
931|(14, 28)|2|2|(14, 28)|True|False
932|(13, 29)|2|2|(13, 29)|True|False
933|(12, 30)|2|2|(12, 30)|True|False
934|(11, 31)|2|2|(11, 31)|True|False
935|(10, 32)|2|2|(10, 32)|True|False
936|(9, 33)|2|2|(9, 33)|True|False
937|(8, 34)|2|2|(8, 34)|True|False
938|(7, 35)|2|2|(7, 35)|True|False
939|(6, 36)|2|2|(6, 36)|True|False
940|(5, 37)|2|2|(5, 37)|True|False
941|(4, 38)|2|2|(4, 38)|True|False
942|(3, 39)|2|2|(3, 39)|True|False
943|(2, 40)|2|2|(2, 40)|True|False
944|(1, 41)|2|2|(1, 41)|True|False
945|(0, 42)|2|2|(0, 42)|True|False
946|(43, 0)|2|2|(0, 43)|False|False
947|(42, 1)|2|2|(1, 42)|False|False
948|(41, 2)|2|2|(2, 41)|False|False
949|(40, 3)|2|2|(3, 40)|False|False
950|(39, 4)|2|2|(4, 39)|False|False
951|(38, 5)|2|2|(5, 38)|False|False
952|(37, 6)|2|2|(6, 37)|False|False
953|(36, 7)|2|2|(7, 36)|False|False
954|(35, 8)|2|2|(8, 35)|False|False
955|(34, 9)|2|2|(9, 34)|False|False
956|(33, 10)|2|2|(10, 33)|False|False
957|(32, 11)|2|2|(11, 32)|False|False
958|(31, 12)|2|2|(12, 31)|False|False
959|(30, 13)|2|2|(13, 30)|False|False
960|(29, 14)|2|2|(14, 29)|False|False
961|(28, 15)|2|2|(15, 28)|False|False
962|(27, 16)|2|2|(16, 27)|False|False
963|(26, 17)|2|2|(17, 26)|False|False
964|(25, 18)|2|2|(18, 25)|False|False
965|(24, 19)|2|2|(19, 24)|False|False
966|(23, 20)|2|2|(20, 23)|False|False
967|(22, 21)|2|2|(21, 22)|False|False
968|(21, 22)|2|2|(21, 22)|True|False
969|(20, 23)|2|2|(20, 23)|True|False
970|(19, 24)|2|2|(19, 24)|True|False
971|(18, 25)|2|2|(18, 25)|True|False
972|(17, 26)|2|2|(17, 26)|True|False
973|(16, 27)|2|2|(16, 27)|True|False
974|(15, 28)|2|2|(15, 28)|True|False
975|(14, 29)|2|2|(14, 29)|True|False
976|(13, 30)|2|2|(13, 30)|True|False
977|(12, 31)|2|2|(12, 31)|True|False
978|(11, 32)|2|2|(11, 32)|True|False
979|(10, 33)|2|2|(10, 33)|True|False
980|(9, 34)|2|2|(9, 34)|True|False
981|(8, 35)|2|2|(8, 35)|True|False
982|(7, 36)|2|2|(7, 36)|True|False
983|(6, 37)|2|2|(6, 37)|True|False
984|(5, 38)|2|2|(5, 38)|True|False
985|(4, 39)|2|2|(4, 39)|True|False
986|(3, 40)|2|2|(3, 40)|True|False
987|(2, 41)|2|2|(2, 41)|True|False
988|(1, 42)|2|2|(1, 42)|True|False
989|(0, 43)|2|2|(0, 43)|True|False
990|(44, 0)|2|2|(0, 44)|False|False
991|(43, 1)|2|2|(1, 43)|False|False
992|(42, 2)|2|2|(2, 42)|False|False
993|(41, 3)|2|2|(3, 41)|False|False
994|(40, 4)|2|2|(4, 40)|False|False
995|(39, 5)|2|2|(5, 39)|False|False
996|(38, 6)|2|2|(6, 38)|False|False
997|(37, 7)|2|2|(7, 37)|False|False
998|(36, 8)|2|2|(8, 36)|False|False
999|(35, 9)|2|2|(9, 35)|False|False
1000|(34, 10)|2|2|(10, 34)|False|False
1001|(33, 11)|2|2|(11, 33)|False|False
1002|(32, 12)|2|2|(12, 32)|False|False
1003|(31, 13)|2|2|(13, 31)|False|False
1004|(30, 14)|2|2|(14, 30)|False|False
1005|(29, 15)|2|2|(15, 29)|False|False
1006|(28, 16)|2|2|(16, 28)|False|False
1007|(27, 17)|2|2|(17, 27)|False|False
1008|(26, 18)|2|2|(18, 26)|False|False
1009|(25, 19)|2|2|(19, 25)|False|False
1010|(24, 20)|2|2|(20, 24)|False|False
1011|(23, 21)|2|2|(21, 23)|False|False
1012|(22, 22)|2|1|(22,)|False|False
1013|(21, 23)|2|2|(21, 23)|True|False
1014|(20, 24)|2|2|(20, 24)|True|False
1015|(19, 25)|2|2|(19, 25)|True|False
1016|(18, 26)|2|2|(18, 26)|True|False
1017|(17, 27)|2|2|(17, 27)|True|False
1018|(16, 28)|2|2|(16, 28)|True|False
1019|(15, 29)|2|2|(15, 29)|True|False
1020|(14, 30)|2|2|(14, 30)|True|False
1021|(13, 31)|2|2|(13, 31)|True|False
1022|(12, 32)|2|2|(12, 32)|True|False
1023|(11, 33)|2|2|(11, 33)|True|False
1024|(10, 34)|2|2|(10, 34)|True|False
1025|(9, 35)|2|2|(9, 35)|True|False
1026|(8, 36)|2|2|(8, 36)|True|False
1027|(7, 37)|2|2|(7, 37)|True|False
1028|(6, 38)|2|2|(6, 38)|True|False
1029|(5, 39)|2|2|(5, 39)|True|False
1030|(4, 40)|2|2|(4, 40)|True|False
1031|(3, 41)|2|2|(3, 41)|True|False
1032|(2, 42)|2|2|(2, 42)|True|False
1033|(1, 43)|2|2|(1, 43)|True|False
1034|(0, 44)|2|2|(0, 44)|True|False
1035|(45, 0)|2|2|(0, 45)|False|False
1036|(44, 1)|2|2|(1, 44)|False|False
1037|(43, 2)|2|2|(2, 43)|False|False
1038|(42, 3)|2|2|(3, 42)|False|False
1039|(41, 4)|2|2|(4, 41)|False|False
1040|(40, 5)|2|2|(5, 40)|False|False
1041|(39, 6)|2|2|(6, 39)|False|False
1042|(38, 7)|2|2|(7, 38)|False|False
1043|(37, 8)|2|2|(8, 37)|False|False
1044|(36, 9)|2|2|(9, 36)|False|False
1045|(35, 10)|2|2|(10, 35)|False|False
1046|(34, 11)|2|2|(11, 34)|False|False
1047|(33, 12)|2|2|(12, 33)|False|False
1048|(32, 13)|2|2|(13, 32)|False|False
1049|(31, 14)|2|2|(14, 31)|False|False
1050|(30, 15)|2|2|(15, 30)|False|False
1051|(29, 16)|2|2|(16, 29)|False|False
1052|(28, 17)|2|2|(17, 28)|False|False
1053|(27, 18)|2|2|(18, 27)|False|False
1054|(26, 19)|2|2|(19, 26)|False|False
1055|(25, 20)|2|2|(20, 25)|False|False
1056|(24, 21)|2|2|(21, 24)|False|False
1057|(23, 22)|2|2|(22, 23)|False|False
1058|(22, 23)|2|2|(22, 23)|True|False
1059|(21, 24)|2|2|(21, 24)|True|False
1060|(20, 25)|2|2|(20, 25)|True|False
1061|(19, 26)|2|2|(19, 26)|True|False
1062|(18, 27)|2|2|(18, 27)|True|False
1063|(17, 28)|2|2|(17, 28)|True|False
1064|(16, 29)|2|2|(16, 29)|True|False
1065|(15, 30)|2|2|(15, 30)|True|False
1066|(14, 31)|2|2|(14, 31)|True|False
1067|(13, 32)|2|2|(13, 32)|True|False
1068|(12, 33)|2|2|(12, 33)|True|False
1069|(11, 34)|2|2|(11, 34)|True|False
1070|(10, 35)|2|2|(10, 35)|True|False
1071|(9, 36)|2|2|(9, 36)|True|False
1072|(8, 37)|2|2|(8, 37)|True|False
1073|(7, 38)|2|2|(7, 38)|True|False
1074|(6, 39)|2|2|(6, 39)|True|False
1075|(5, 40)|2|2|(5, 40)|True|False
1076|(4, 41)|2|2|(4, 41)|True|False
1077|(3, 42)|2|2|(3, 42)|True|False
1078|(2, 43)|2|2|(2, 43)|True|False
1079|(1, 44)|2|2|(1, 44)|True|False
1080|(0, 45)|2|2|(0, 45)|True|False
1081|(46, 0)|2|2|(0, 46)|False|False
1082|(45, 1)|2|2|(1, 45)|False|False
1083|(44, 2)|2|2|(2, 44)|False|False
1084|(43, 3)|2|2|(3, 43)|False|False
1085|(42, 4)|2|2|(4, 42)|False|False
1086|(41, 5)|2|2|(5, 41)|False|False
1087|(40, 6)|2|2|(6, 40)|False|False
1088|(39, 7)|2|2|(7, 39)|False|False
1089|(38, 8)|2|2|(8, 38)|False|False
1090|(37, 9)|2|2|(9, 37)|False|False
1091|(36, 10)|2|2|(10, 36)|False|False
1092|(35, 11)|2|2|(11, 35)|False|False
1093|(34, 12)|2|2|(12, 34)|False|False
1094|(33, 13)|2|2|(13, 33)|False|False
1095|(32, 14)|2|2|(14, 32)|False|False
1096|(31, 15)|2|2|(15, 31)|False|False
1097|(30, 16)|2|2|(16, 30)|False|False
1098|(29, 17)|2|2|(17, 29)|False|False
1099|(28, 18)|2|2|(18, 28)|False|False
1100|(27, 19)|2|2|(19, 27)|False|False
1101|(26, 20)|2|2|(20, 26)|False|False
1102|(25, 21)|2|2|(21, 25)|False|False
1103|(24, 22)|2|2|(22, 24)|False|False
1104|(23, 23)|2|1|(23,)|False|False
1105|(22, 24)|2|2|(22, 24)|True|False
1106|(21, 25)|2|2|(21, 25)|True|False
1107|(20, 26)|2|2|(20, 26)|True|False
1108|(19, 27)|2|2|(19, 27)|True|False
1109|(18, 28)|2|2|(18, 28)|True|False
1110|(17, 29)|2|2|(17, 29)|True|False
1111|(16, 30)|2|2|(16, 30)|True|False
1112|(15, 31)|2|2|(15, 31)|True|False
1113|(14, 32)|2|2|(14, 32)|True|False
1114|(13, 33)|2|2|(13, 33)|True|False
1115|(12, 34)|2|2|(12, 34)|True|False
1116|(11, 35)|2|2|(11, 35)|True|False
1117|(10, 36)|2|2|(10, 36)|True|False
1118|(9, 37)|2|2|(9, 37)|True|False
1119|(8, 38)|2|2|(8, 38)|True|False
1120|(7, 39)|2|2|(7, 39)|True|False
1121|(6, 40)|2|2|(6, 40)|True|False
1122|(5, 41)|2|2|(5, 41)|True|False
1123|(4, 42)|2|2|(4, 42)|True|False
1124|(3, 43)|2|2|(3, 43)|True|False
1125|(2, 44)|2|2|(2, 44)|True|False
1126|(1, 45)|2|2|(1, 45)|True|False
1127|(0, 46)|2|2|(0, 46)|True|False
1128|(47, 0)|2|2|(0, 47)|False|False
1129|(46, 1)|2|2|(1, 46)|False|False
1130|(45, 2)|2|2|(2, 45)|False|False
1131|(44, 3)|2|2|(3, 44)|False|False
1132|(43, 4)|2|2|(4, 43)|False|False
1133|(42, 5)|2|2|(5, 42)|False|False
1134|(41, 6)|2|2|(6, 41)|False|False
1135|(40, 7)|2|2|(7, 40)|False|False
1136|(39, 8)|2|2|(8, 39)|False|False
1137|(38, 9)|2|2|(9, 38)|False|False
1138|(37, 10)|2|2|(10, 37)|False|False
1139|(36, 11)|2|2|(11, 36)|False|False
1140|(35, 12)|2|2|(12, 35)|False|False
1141|(34, 13)|2|2|(13, 34)|False|False
1142|(33, 14)|2|2|(14, 33)|False|False
1143|(32, 15)|2|2|(15, 32)|False|False
1144|(31, 16)|2|2|(16, 31)|False|False
1145|(30, 17)|2|2|(17, 30)|False|False
1146|(29, 18)|2|2|(18, 29)|False|False
1147|(28, 19)|2|2|(19, 28)|False|False
1148|(27, 20)|2|2|(20, 27)|False|False
1149|(26, 21)|2|2|(21, 26)|False|False
1150|(25, 22)|2|2|(22, 25)|False|False
1151|(24, 23)|2|2|(23, 24)|False|False
1152|(23, 24)|2|2|(23, 24)|True|False
1153|(22, 25)|2|2|(22, 25)|True|False
1154|(21, 26)|2|2|(21, 26)|True|False
1155|(20, 27)|2|2|(20, 27)|True|False
1156|(19, 28)|2|2|(19, 28)|True|False
1157|(18, 29)|2|2|(18, 29)|True|False
1158|(17, 30)|2|2|(17, 30)|True|False
1159|(16, 31)|2|2|(16, 31)|True|False
1160|(15, 32)|2|2|(15, 32)|True|False
1161|(14, 33)|2|2|(14, 33)|True|False
1162|(13, 34)|2|2|(13, 34)|True|False
1163|(12, 35)|2|2|(12, 35)|True|False
1164|(11, 36)|2|2|(11, 36)|True|False
1165|(10, 37)|2|2|(10, 37)|True|False
1166|(9, 38)|2|2|(9, 38)|True|False
1167|(8, 39)|2|2|(8, 39)|True|False
1168|(7, 40)|2|2|(7, 40)|True|False
1169|(6, 41)|2|2|(6, 41)|True|False
1170|(5, 42)|2|2|(5, 42)|True|False
1171|(4, 43)|2|2|(4, 43)|True|False
1172|(3, 44)|2|2|(3, 44)|True|False
1173|(2, 45)|2|2|(2, 45)|True|False
1174|(1, 46)|2|2|(1, 46)|True|False
1175|(0, 47)|2|2|(0, 47)|True|False
1176|(48, 0)|2|2|(0, 48)|False|False
1177|(47, 1)|2|2|(1, 47)|False|False
1178|(46, 2)|2|2|(2, 46)|False|False
1179|(45, 3)|2|2|(3, 45)|False|False
1180|(44, 4)|2|2|(4, 44)|False|False
1181|(43, 5)|2|2|(5, 43)|False|False
1182|(42, 6)|2|2|(6, 42)|False|False
1183|(41, 7)|2|2|(7, 41)|False|False
1184|(40, 8)|2|2|(8, 40)|False|False
1185|(39, 9)|2|2|(9, 39)|False|False
1186|(38, 10)|2|2|(10, 38)|False|False
1187|(37, 11)|2|2|(11, 37)|False|False
1188|(36, 12)|2|2|(12, 36)|False|False
1189|(35, 13)|2|2|(13, 35)|False|False
1190|(34, 14)|2|2|(14, 34)|False|False
1191|(33, 15)|2|2|(15, 33)|False|False
1192|(32, 16)|2|2|(16, 32)|False|False
1193|(31, 17)|2|2|(17, 31)|False|False
1194|(30, 18)|2|2|(18, 30)|False|False
1195|(29, 19)|2|2|(19, 29)|False|False
1196|(28, 20)|2|2|(20, 28)|False|False
1197|(27, 21)|2|2|(21, 27)|False|False
1198|(26, 22)|2|2|(22, 26)|False|False
1199|(25, 23)|2|2|(23, 25)|False|False
1200|(24, 24)|2|1|(24,)|False|False
1201|(23, 25)|2|2|(23, 25)|True|False
1202|(22, 26)|2|2|(22, 26)|True|False
1203|(21, 27)|2|2|(21, 27)|True|False
1204|(20, 28)|2|2|(20, 28)|True|False
1205|(19, 29)|2|2|(19, 29)|True|False
1206|(18, 30)|2|2|(18, 30)|True|False
1207|(17, 31)|2|2|(17, 31)|True|False
1208|(16, 32)|2|2|(16, 32)|True|False
1209|(15, 33)|2|2|(15, 33)|True|False
1210|(14, 34)|2|2|(14, 34)|True|False
1211|(13, 35)|2|2|(13, 35)|True|False
1212|(12, 36)|2|2|(12, 36)|True|False
1213|(11, 37)|2|2|(11, 37)|True|False
1214|(10, 38)|2|2|(10, 38)|True|False
1215|(9, 39)|2|2|(9, 39)|True|False
1216|(8, 40)|2|2|(8, 40)|True|False
1217|(7, 41)|2|2|(7, 41)|True|False
1218|(6, 42)|2|2|(6, 42)|True|False
1219|(5, 43)|2|2|(5, 43)|True|False
1220|(4, 44)|2|2|(4, 44)|True|False
1221|(3, 45)|2|2|(3, 45)|True|False
1222|(2, 46)|2|2|(2, 46)|True|False
1223|(1, 47)|2|2|(1, 47)|True|False
1224|(0, 48)|2|2|(0, 48)|True|False
1225|(49, 0)|2|2|(0, 49)|False|False
1226|(48, 1)|2|2|(1, 48)|False|False
1227|(47, 2)|2|2|(2, 47)|False|False
1228|(46, 3)|2|2|(3, 46)|False|False
1229|(45, 4)|2|2|(4, 45)|False|False
1230|(44, 5)|2|2|(5, 44)|False|False
1231|(43, 6)|2|2|(6, 43)|False|False
1232|(42, 7)|2|2|(7, 42)|False|False
1233|(41, 8)|2|2|(8, 41)|False|False
1234|(40, 9)|2|2|(9, 40)|False|False
1235|(39, 10)|2|2|(10, 39)|False|False
1236|(38, 11)|2|2|(11, 38)|False|False
1237|(37, 12)|2|2|(12, 37)|False|False
1238|(36, 13)|2|2|(13, 36)|False|False
1239|(35, 14)|2|2|(14, 35)|False|False
1240|(34, 15)|2|2|(15, 34)|False|False
1241|(33, 16)|2|2|(16, 33)|False|False
1242|(32, 17)|2|2|(17, 32)|False|False
1243|(31, 18)|2|2|(18, 31)|False|False
1244|(30, 19)|2|2|(19, 30)|False|False
1245|(29, 20)|2|2|(20, 29)|False|False
1246|(28, 21)|2|2|(21, 28)|False|False
1247|(27, 22)|2|2|(22, 27)|False|False
1248|(26, 23)|2|2|(23, 26)|False|False
1249|(25, 24)|2|2|(24, 25)|False|False
1250|(24, 25)|2|2|(24, 25)|True|False
1251|(23, 26)|2|2|(23, 26)|True|False
1252|(22, 27)|2|2|(22, 27)|True|False
1253|(21, 28)|2|2|(21, 28)|True|False
1254|(20, 29)|2|2|(20, 29)|True|False
1255|(19, 30)|2|2|(19, 30)|True|False
1256|(18, 31)|2|2|(18, 31)|True|False
1257|(17, 32)|2|2|(17, 32)|True|False
1258|(16, 33)|2|2|(16, 33)|True|False
1259|(15, 34)|2|2|(15, 34)|True|False
1260|(14, 35)|2|2|(14, 35)|True|False
1261|(13, 36)|2|2|(13, 36)|True|False
1262|(12, 37)|2|2|(12, 37)|True|False
1263|(11, 38)|2|2|(11, 38)|True|False
1264|(10, 39)|2|2|(10, 39)|True|False
1265|(9, 40)|2|2|(9, 40)|True|False
1266|(8, 41)|2|2|(8, 41)|True|False
1267|(7, 42)|2|2|(7, 42)|True|False
1268|(6, 43)|2|2|(6, 43)|True|False
1269|(5, 44)|2|2|(5, 44)|True|False
1270|(4, 45)|2|2|(4, 45)|True|False
1271|(3, 46)|2|2|(3, 46)|True|False
1272|(2, 47)|2|2|(2, 47)|True|False
1273|(1, 48)|2|2|(1, 48)|True|False
1274|(0, 49)|2|2|(0, 49)|True|False
1275|(50, 0)|2|2|(0, 50)|False|False
1276|(49, 1)|2|2|(1, 49)|False|False
1277|(48, 2)|2|2|(2, 48)|False|False
1278|(47, 3)|2|2|(3, 47)|False|False
1279|(46, 4)|2|2|(4, 46)|False|False
1280|(45, 5)|2|2|(5, 45)|False|False
1281|(44, 6)|2|2|(6, 44)|False|False
1282|(43, 7)|2|2|(7, 43)|False|False
1283|(42, 8)|2|2|(8, 42)|False|False
1284|(41, 9)|2|2|(9, 41)|False|False
1285|(40, 10)|2|2|(10, 40)|False|False
1286|(39, 11)|2|2|(11, 39)|False|False
1287|(38, 12)|2|2|(12, 38)|False|False
1288|(37, 13)|2|2|(13, 37)|False|False
1289|(36, 14)|2|2|(14, 36)|False|False
1290|(35, 15)|2|2|(15, 35)|False|False
1291|(34, 16)|2|2|(16, 34)|False|False
1292|(33, 17)|2|2|(17, 33)|False|False
1293|(32, 18)|2|2|(18, 32)|False|False
1294|(31, 19)|2|2|(19, 31)|False|False
1295|(30, 20)|2|2|(20, 30)|False|False
1296|(29, 21)|2|2|(21, 29)|False|False
1297|(28, 22)|2|2|(22, 28)|False|False
1298|(27, 23)|2|2|(23, 27)|False|False
1299|(26, 24)|2|2|(24, 26)|False|False
1300|(25, 25)|2|1|(25,)|False|False
1301|(24, 26)|2|2|(24, 26)|True|False
1302|(23, 27)|2|2|(23, 27)|True|False
1303|(22, 28)|2|2|(22, 28)|True|False
1304|(21, 29)|2|2|(21, 29)|True|False
1305|(20, 30)|2|2|(20, 30)|True|False
1306|(19, 31)|2|2|(19, 31)|True|False
1307|(18, 32)|2|2|(18, 32)|True|False
1308|(17, 33)|2|2|(17, 33)|True|False
1309|(16, 34)|2|2|(16, 34)|True|False
1310|(15, 35)|2|2|(15, 35)|True|False
1311|(14, 36)|2|2|(14, 36)|True|False
1312|(13, 37)|2|2|(13, 37)|True|False
1313|(12, 38)|2|2|(12, 38)|True|False
1314|(11, 39)|2|2|(11, 39)|True|False
1315|(10, 40)|2|2|(10, 40)|True|False
1316|(9, 41)|2|2|(9, 41)|True|False
1317|(8, 42)|2|2|(8, 42)|True|False
1318|(7, 43)|2|2|(7, 43)|True|False
1319|(6, 44)|2|2|(6, 44)|True|False
1320|(5, 45)|2|2|(5, 45)|True|False
1321|(4, 46)|2|2|(4, 46)|True|False
1322|(3, 47)|2|2|(3, 47)|True|False
1323|(2, 48)|2|2|(2, 48)|True|False
1324|(1, 49)|2|2|(1, 49)|True|False
1325|(0, 50)|2|2|(0, 50)|True|False
1326|(51, 0)|2|2|(0, 51)|False|False
1327|(50, 1)|2|2|(1, 50)|False|False
1328|(49, 2)|2|2|(2, 49)|False|False
1329|(48, 3)|2|2|(3, 48)|False|False
1330|(47, 4)|2|2|(4, 47)|False|False
1331|(46, 5)|2|2|(5, 46)|False|False
1332|(45, 6)|2|2|(6, 45)|False|False
1333|(44, 7)|2|2|(7, 44)|False|False
1334|(43, 8)|2|2|(8, 43)|False|False
1335|(42, 9)|2|2|(9, 42)|False|False
1336|(41, 10)|2|2|(10, 41)|False|False
1337|(40, 11)|2|2|(11, 40)|False|False
1338|(39, 12)|2|2|(12, 39)|False|False
1339|(38, 13)|2|2|(13, 38)|False|False
1340|(37, 14)|2|2|(14, 37)|False|False
1341|(36, 15)|2|2|(15, 36)|False|False
1342|(35, 16)|2|2|(16, 35)|False|False
1343|(34, 17)|2|2|(17, 34)|False|False
1344|(33, 18)|2|2|(18, 33)|False|False
1345|(32, 19)|2|2|(19, 32)|False|False
1346|(31, 20)|2|2|(20, 31)|False|False
1347|(30, 21)|2|2|(21, 30)|False|False
1348|(29, 22)|2|2|(22, 29)|False|False
1349|(28, 23)|2|2|(23, 28)|False|False
1350|(27, 24)|2|2|(24, 27)|False|False
1351|(26, 25)|2|2|(25, 26)|False|False
1352|(25, 26)|2|2|(25, 26)|True|False
1353|(24, 27)|2|2|(24, 27)|True|False
1354|(23, 28)|2|2|(23, 28)|True|False
1355|(22, 29)|2|2|(22, 29)|True|False
1356|(21, 30)|2|2|(21, 30)|True|False
1357|(20, 31)|2|2|(20, 31)|True|False
1358|(19, 32)|2|2|(19, 32)|True|False
1359|(18, 33)|2|2|(18, 33)|True|False
1360|(17, 34)|2|2|(17, 34)|True|False
1361|(16, 35)|2|2|(16, 35)|True|False
1362|(15, 36)|2|2|(15, 36)|True|False
1363|(14, 37)|2|2|(14, 37)|True|False
1364|(13, 38)|2|2|(13, 38)|True|False
1365|(12, 39)|2|2|(12, 39)|True|False
1366|(11, 40)|2|2|(11, 40)|True|False
1367|(10, 41)|2|2|(10, 41)|True|False
1368|(9, 42)|2|2|(9, 42)|True|False
1369|(8, 43)|2|2|(8, 43)|True|False
1370|(7, 44)|2|2|(7, 44)|True|False
1371|(6, 45)|2|2|(6, 45)|True|False
1372|(5, 46)|2|2|(5, 46)|True|False
1373|(4, 47)|2|2|(4, 47)|True|False
1374|(3, 48)|2|2|(3, 48)|True|False
1375|(2, 49)|2|2|(2, 49)|True|False
1376|(1, 50)|2|2|(1, 50)|True|False
1377|(0, 51)|2|2|(0, 51)|True|False
1378|(52, 0)|2|2|(0, 52)|False|False
1379|(51, 1)|2|2|(1, 51)|False|False
1380|(50, 2)|2|2|(2, 50)|False|False
1381|(49, 3)|2|2|(3, 49)|False|False
1382|(48, 4)|2|2|(4, 48)|False|False
1383|(47, 5)|2|2|(5, 47)|False|False
1384|(46, 6)|2|2|(6, 46)|False|False
1385|(45, 7)|2|2|(7, 45)|False|False
1386|(44, 8)|2|2|(8, 44)|False|False
1387|(43, 9)|2|2|(9, 43)|False|False
1388|(42, 10)|2|2|(10, 42)|False|False
1389|(41, 11)|2|2|(11, 41)|False|False
1390|(40, 12)|2|2|(12, 40)|False|False
1391|(39, 13)|2|2|(13, 39)|False|False
1392|(38, 14)|2|2|(14, 38)|False|False
1393|(37, 15)|2|2|(15, 37)|False|False
1394|(36, 16)|2|2|(16, 36)|False|False
1395|(35, 17)|2|2|(17, 35)|False|False
1396|(34, 18)|2|2|(18, 34)|False|False
1397|(33, 19)|2|2|(19, 33)|False|False
1398|(32, 20)|2|2|(20, 32)|False|False
1399|(31, 21)|2|2|(21, 31)|False|False
1400|(30, 22)|2|2|(22, 30)|False|False
1401|(29, 23)|2|2|(23, 29)|False|False
1402|(28, 24)|2|2|(24, 28)|False|False
1403|(27, 25)|2|2|(25, 27)|False|False
1404|(26, 26)|2|1|(26,)|False|False
1405|(25, 27)|2|2|(25, 27)|True|False
1406|(24, 28)|2|2|(24, 28)|True|False
1407|(23, 29)|2|2|(23, 29)|True|False
1408|(22, 30)|2|2|(22, 30)|True|False
1409|(21, 31)|2|2|(21, 31)|True|False
1410|(20, 32)|2|2|(20, 32)|True|False
1411|(19, 33)|2|2|(19, 33)|True|False
1412|(18, 34)|2|2|(18, 34)|True|False
1413|(17, 35)|2|2|(17, 35)|True|False
1414|(16, 36)|2|2|(16, 36)|True|False
1415|(15, 37)|2|2|(15, 37)|True|False
1416|(14, 38)|2|2|(14, 38)|True|False
1417|(13, 39)|2|2|(13, 39)|True|False
1418|(12, 40)|2|2|(12, 40)|True|False
1419|(11, 41)|2|2|(11, 41)|True|False
1420|(10, 42)|2|2|(10, 42)|True|False
1421|(9, 43)|2|2|(9, 43)|True|False
1422|(8, 44)|2|2|(8, 44)|True|False
1423|(7, 45)|2|2|(7, 45)|True|False
1424|(6, 46)|2|2|(6, 46)|True|False
1425|(5, 47)|2|2|(5, 47)|True|False
1426|(4, 48)|2|2|(4, 48)|True|False
1427|(3, 49)|2|2|(3, 49)|True|False
1428|(2, 50)|2|2|(2, 50)|True|False
1429|(1, 51)|2|2|(1, 51)|True|False
1430|(0, 52)|2|2|(0, 52)|True|False
1431|(53, 0)|2|2|(0, 53)|False|False
1432|(52, 1)|2|2|(1, 52)|False|False
1433|(51, 2)|2|2|(2, 51)|False|False
1434|(50, 3)|2|2|(3, 50)|False|False
1435|(49, 4)|2|2|(4, 49)|False|False
1436|(48, 5)|2|2|(5, 48)|False|False
1437|(47, 6)|2|2|(6, 47)|False|False
1438|(46, 7)|2|2|(7, 46)|False|False
1439|(45, 8)|2|2|(8, 45)|False|False
1440|(44, 9)|2|2|(9, 44)|False|False
1441|(43, 10)|2|2|(10, 43)|False|False
1442|(42, 11)|2|2|(11, 42)|False|False
1443|(41, 12)|2|2|(12, 41)|False|False
1444|(40, 13)|2|2|(13, 40)|False|False
1445|(39, 14)|2|2|(14, 39)|False|False
1446|(38, 15)|2|2|(15, 38)|False|False
1447|(37, 16)|2|2|(16, 37)|False|False
1448|(36, 17)|2|2|(17, 36)|False|False
1449|(35, 18)|2|2|(18, 35)|False|False
1450|(34, 19)|2|2|(19, 34)|False|False
1451|(33, 20)|2|2|(20, 33)|False|False
1452|(32, 21)|2|2|(21, 32)|False|False
1453|(31, 22)|2|2|(22, 31)|False|False
1454|(30, 23)|2|2|(23, 30)|False|False
1455|(29, 24)|2|2|(24, 29)|False|False
1456|(28, 25)|2|2|(25, 28)|False|False
1457|(27, 26)|2|2|(26, 27)|False|False
1458|(26, 27)|2|2|(26, 27)|True|False
1459|(25, 28)|2|2|(25, 28)|True|False
1460|(24, 29)|2|2|(24, 29)|True|False
1461|(23, 30)|2|2|(23, 30)|True|False
1462|(22, 31)|2|2|(22, 31)|True|False
1463|(21, 32)|2|2|(21, 32)|True|False
1464|(20, 33)|2|2|(20, 33)|True|False
1465|(19, 34)|2|2|(19, 34)|True|False
1466|(18, 35)|2|2|(18, 35)|True|False
1467|(17, 36)|2|2|(17, 36)|True|False
1468|(16, 37)|2|2|(16, 37)|True|False
1469|(15, 38)|2|2|(15, 38)|True|False
1470|(14, 39)|2|2|(14, 39)|True|False
1471|(13, 40)|2|2|(13, 40)|True|False
1472|(12, 41)|2|2|(12, 41)|True|False
1473|(11, 42)|2|2|(11, 42)|True|False
1474|(10, 43)|2|2|(10, 43)|True|False
1475|(9, 44)|2|2|(9, 44)|True|False
1476|(8, 45)|2|2|(8, 45)|True|False
1477|(7, 46)|2|2|(7, 46)|True|False
1478|(6, 47)|2|2|(6, 47)|True|False
1479|(5, 48)|2|2|(5, 48)|True|False
1480|(4, 49)|2|2|(4, 49)|True|False
1481|(3, 50)|2|2|(3, 50)|True|False
1482|(2, 51)|2|2|(2, 51)|True|False
1483|(1, 52)|2|2|(1, 52)|True|False
1484|(0, 53)|2|2|(0, 53)|True|False
1485|(54, 0)|2|2|(0, 54)|False|False
1486|(53, 1)|2|2|(1, 53)|False|False
1487|(52, 2)|2|2|(2, 52)|False|False
1488|(51, 3)|2|2|(3, 51)|False|False
1489|(50, 4)|2|2|(4, 50)|False|False
1490|(49, 5)|2|2|(5, 49)|False|False
1491|(48, 6)|2|2|(6, 48)|False|False
1492|(47, 7)|2|2|(7, 47)|False|False
1493|(46, 8)|2|2|(8, 46)|False|False
1494|(45, 9)|2|2|(9, 45)|False|False
1495|(44, 10)|2|2|(10, 44)|False|False
1496|(43, 11)|2|2|(11, 43)|False|False
1497|(42, 12)|2|2|(12, 42)|False|False
1498|(41, 13)|2|2|(13, 41)|False|False
1499|(40, 14)|2|2|(14, 40)|False|False
1500|(39, 15)|2|2|(15, 39)|False|False
1501|(38, 16)|2|2|(16, 38)|False|False
1502|(37, 17)|2|2|(17, 37)|False|False
1503|(36, 18)|2|2|(18, 36)|False|False
1504|(35, 19)|2|2|(19, 35)|False|False
1505|(34, 20)|2|2|(20, 34)|False|False
1506|(33, 21)|2|2|(21, 33)|False|False
1507|(32, 22)|2|2|(22, 32)|False|False
1508|(31, 23)|2|2|(23, 31)|False|False
1509|(30, 24)|2|2|(24, 30)|False|False
1510|(29, 25)|2|2|(25, 29)|False|False
1511|(28, 26)|2|2|(26, 28)|False|False
1512|(27, 27)|2|1|(27,)|False|False
1513|(26, 28)|2|2|(26, 28)|True|False
1514|(25, 29)|2|2|(25, 29)|True|False
1515|(24, 30)|2|2|(24, 30)|True|False
1516|(23, 31)|2|2|(23, 31)|True|False
1517|(22, 32)|2|2|(22, 32)|True|False
1518|(21, 33)|2|2|(21, 33)|True|False
1519|(20, 34)|2|2|(20, 34)|True|False
1520|(19, 35)|2|2|(19, 35)|True|False
1521|(18, 36)|2|2|(18, 36)|True|False
1522|(17, 37)|2|2|(17, 37)|True|False
1523|(16, 38)|2|2|(16, 38)|True|False
1524|(15, 39)|2|2|(15, 39)|True|False
1525|(14, 40)|2|2|(14, 40)|True|False
1526|(13, 41)|2|2|(13, 41)|True|False
1527|(12, 42)|2|2|(12, 42)|True|False
1528|(11, 43)|2|2|(11, 43)|True|False
1529|(10, 44)|2|2|(10, 44)|True|False
1530|(9, 45)|2|2|(9, 45)|True|False
1531|(8, 46)|2|2|(8, 46)|True|False
1532|(7, 47)|2|2|(7, 47)|True|False
1533|(6, 48)|2|2|(6, 48)|True|False
1534|(5, 49)|2|2|(5, 49)|True|False
1535|(4, 50)|2|2|(4, 50)|True|False
1536|(3, 51)|2|2|(3, 51)|True|False
1537|(2, 52)|2|2|(2, 52)|True|False
1538|(1, 53)|2|2|(1, 53)|True|False
1539|(0, 54)|2|2|(0, 54)|True|False
1540|(55, 0)|2|2|(0, 55)|False|False
1541|(54, 1)|2|2|(1, 54)|False|False
1542|(53, 2)|2|2|(2, 53)|False|False
1543|(52, 3)|2|2|(3, 52)|False|False
1544|(51, 4)|2|2|(4, 51)|False|False
1545|(50, 5)|2|2|(5, 50)|False|False
1546|(49, 6)|2|2|(6, 49)|False|False
1547|(48, 7)|2|2|(7, 48)|False|False
1548|(47, 8)|2|2|(8, 47)|False|False
1549|(46, 9)|2|2|(9, 46)|False|False
1550|(45, 10)|2|2|(10, 45)|False|False
1551|(44, 11)|2|2|(11, 44)|False|False
1552|(43, 12)|2|2|(12, 43)|False|False
1553|(42, 13)|2|2|(13, 42)|False|False
1554|(41, 14)|2|2|(14, 41)|False|False
1555|(40, 15)|2|2|(15, 40)|False|False
1556|(39, 16)|2|2|(16, 39)|False|False
1557|(38, 17)|2|2|(17, 38)|False|False
1558|(37, 18)|2|2|(18, 37)|False|False
1559|(36, 19)|2|2|(19, 36)|False|False
1560|(35, 20)|2|2|(20, 35)|False|False
1561|(34, 21)|2|2|(21, 34)|False|False
1562|(33, 22)|2|2|(22, 33)|False|False
1563|(32, 23)|2|2|(23, 32)|False|False
1564|(31, 24)|2|2|(24, 31)|False|False
1565|(30, 25)|2|2|(25, 30)|False|False
1566|(29, 26)|2|2|(26, 29)|False|False
1567|(28, 27)|2|2|(27, 28)|False|False
1568|(27, 28)|2|2|(27, 28)|True|False
1569|(26, 29)|2|2|(26, 29)|True|False
1570|(25, 30)|2|2|(25, 30)|True|False
1571|(24, 31)|2|2|(24, 31)|True|False
1572|(23, 32)|2|2|(23, 32)|True|False
1573|(22, 33)|2|2|(22, 33)|True|False
1574|(21, 34)|2|2|(21, 34)|True|False
1575|(20, 35)|2|2|(20, 35)|True|False
1576|(19, 36)|2|2|(19, 36)|True|False
1577|(18, 37)|2|2|(18, 37)|True|False
1578|(17, 38)|2|2|(17, 38)|True|False
1579|(16, 39)|2|2|(16, 39)|True|False
1580|(15, 40)|2|2|(15, 40)|True|False
1581|(14, 41)|2|2|(14, 41)|True|False
1582|(13, 42)|2|2|(13, 42)|True|False
1583|(12, 43)|2|2|(12, 43)|True|False
1584|(11, 44)|2|2|(11, 44)|True|False
1585|(10, 45)|2|2|(10, 45)|True|False
1586|(9, 46)|2|2|(9, 46)|True|False
1587|(8, 47)|2|2|(8, 47)|True|False
1588|(7, 48)|2|2|(7, 48)|True|False
1589|(6, 49)|2|2|(6, 49)|True|False
1590|(5, 50)|2|2|(5, 50)|True|False
1591|(4, 51)|2|2|(4, 51)|True|False
1592|(3, 52)|2|2|(3, 52)|True|False
1593|(2, 53)|2|2|(2, 53)|True|False
1594|(1, 54)|2|2|(1, 54)|True|False
1595|(0, 55)|2|2|(0, 55)|True|False
1596|(56, 0)|2|2|(0, 56)|False|False
1597|(55, 1)|2|2|(1, 55)|False|False
1598|(54, 2)|2|2|(2, 54)|False|False
1599|(53, 3)|2|2|(3, 53)|False|False
1600|(52, 4)|2|2|(4, 52)|False|False
1601|(51, 5)|2|2|(5, 51)|False|False
1602|(50, 6)|2|2|(6, 50)|False|False
1603|(49, 7)|2|2|(7, 49)|False|False
1604|(48, 8)|2|2|(8, 48)|False|False
1605|(47, 9)|2|2|(9, 47)|False|False
1606|(46, 10)|2|2|(10, 46)|False|False
1607|(45, 11)|2|2|(11, 45)|False|False
1608|(44, 12)|2|2|(12, 44)|False|False
1609|(43, 13)|2|2|(13, 43)|False|False
1610|(42, 14)|2|2|(14, 42)|False|False
1611|(41, 15)|2|2|(15, 41)|False|False
1612|(40, 16)|2|2|(16, 40)|False|False
1613|(39, 17)|2|2|(17, 39)|False|False
1614|(38, 18)|2|2|(18, 38)|False|False
1615|(37, 19)|2|2|(19, 37)|False|False
1616|(36, 20)|2|2|(20, 36)|False|False
1617|(35, 21)|2|2|(21, 35)|False|False
1618|(34, 22)|2|2|(22, 34)|False|False
1619|(33, 23)|2|2|(23, 33)|False|False
1620|(32, 24)|2|2|(24, 32)|False|False
1621|(31, 25)|2|2|(25, 31)|False|False
1622|(30, 26)|2|2|(26, 30)|False|False
1623|(29, 27)|2|2|(27, 29)|False|False
1624|(28, 28)|2|1|(28,)|False|False
1625|(27, 29)|2|2|(27, 29)|True|False
1626|(26, 30)|2|2|(26, 30)|True|False
1627|(25, 31)|2|2|(25, 31)|True|False
1628|(24, 32)|2|2|(24, 32)|True|False
1629|(23, 33)|2|2|(23, 33)|True|False
1630|(22, 34)|2|2|(22, 34)|True|False
1631|(21, 35)|2|2|(21, 35)|True|False
1632|(20, 36)|2|2|(20, 36)|True|False
1633|(19, 37)|2|2|(19, 37)|True|False
1634|(18, 38)|2|2|(18, 38)|True|False
1635|(17, 39)|2|2|(17, 39)|True|False
1636|(16, 40)|2|2|(16, 40)|True|False
1637|(15, 41)|2|2|(15, 41)|True|False
1638|(14, 42)|2|2|(14, 42)|True|False
1639|(13, 43)|2|2|(13, 43)|True|False
1640|(12, 44)|2|2|(12, 44)|True|False
1641|(11, 45)|2|2|(11, 45)|True|False
1642|(10, 46)|2|2|(10, 46)|True|False
1643|(9, 47)|2|2|(9, 47)|True|False
1644|(8, 48)|2|2|(8, 48)|True|False
1645|(7, 49)|2|2|(7, 49)|True|False
1646|(6, 50)|2|2|(6, 50)|True|False
1647|(5, 51)|2|2|(5, 51)|True|False
1648|(4, 52)|2|2|(4, 52)|True|False
1649|(3, 53)|2|2|(3, 53)|True|False
1650|(2, 54)|2|2|(2, 54)|True|False
1651|(1, 55)|2|2|(1, 55)|True|False
1652|(0, 56)|2|2|(0, 56)|True|False
1653|(57, 0)|2|2|(0, 57)|False|False
1654|(56, 1)|2|2|(1, 56)|False|False
1655|(55, 2)|2|2|(2, 55)|False|False
1656|(54, 3)|2|2|(3, 54)|False|False
1657|(53, 4)|2|2|(4, 53)|False|False
1658|(52, 5)|2|2|(5, 52)|False|False
1659|(51, 6)|2|2|(6, 51)|False|False
1660|(50, 7)|2|2|(7, 50)|False|False
1661|(49, 8)|2|2|(8, 49)|False|False
1662|(48, 9)|2|2|(9, 48)|False|False
1663|(47, 10)|2|2|(10, 47)|False|False
1664|(46, 11)|2|2|(11, 46)|False|False
1665|(45, 12)|2|2|(12, 45)|False|False
1666|(44, 13)|2|2|(13, 44)|False|False
1667|(43, 14)|2|2|(14, 43)|False|False
1668|(42, 15)|2|2|(15, 42)|False|False
1669|(41, 16)|2|2|(16, 41)|False|False
1670|(40, 17)|2|2|(17, 40)|False|False
1671|(39, 18)|2|2|(18, 39)|False|False
1672|(38, 19)|2|2|(19, 38)|False|False
1673|(37, 20)|2|2|(20, 37)|False|False
1674|(36, 21)|2|2|(21, 36)|False|False
1675|(35, 22)|2|2|(22, 35)|False|False
1676|(34, 23)|2|2|(23, 34)|False|False
1677|(33, 24)|2|2|(24, 33)|False|False
1678|(32, 25)|2|2|(25, 32)|False|False
1679|(31, 26)|2|2|(26, 31)|False|False
1680|(30, 27)|2|2|(27, 30)|False|False
1681|(29, 28)|2|2|(28, 29)|False|False
1682|(28, 29)|2|2|(28, 29)|True|False
1683|(27, 30)|2|2|(27, 30)|True|False
1684|(26, 31)|2|2|(26, 31)|True|False
1685|(25, 32)|2|2|(25, 32)|True|False
1686|(24, 33)|2|2|(24, 33)|True|False
1687|(23, 34)|2|2|(23, 34)|True|False
1688|(22, 35)|2|2|(22, 35)|True|False
1689|(21, 36)|2|2|(21, 36)|True|False
1690|(20, 37)|2|2|(20, 37)|True|False
1691|(19, 38)|2|2|(19, 38)|True|False
1692|(18, 39)|2|2|(18, 39)|True|False
1693|(17, 40)|2|2|(17, 40)|True|False
1694|(16, 41)|2|2|(16, 41)|True|False
1695|(15, 42)|2|2|(15, 42)|True|False
1696|(14, 43)|2|2|(14, 43)|True|False
1697|(13, 44)|2|2|(13, 44)|True|False
1698|(12, 45)|2|2|(12, 45)|True|False
1699|(11, 46)|2|2|(11, 46)|True|False
1700|(10, 47)|2|2|(10, 47)|True|False
1701|(9, 48)|2|2|(9, 48)|True|False
1702|(8, 49)|2|2|(8, 49)|True|False
1703|(7, 50)|2|2|(7, 50)|True|False
1704|(6, 51)|2|2|(6, 51)|True|False
1705|(5, 52)|2|2|(5, 52)|True|False
1706|(4, 53)|2|2|(4, 53)|True|False
1707|(3, 54)|2|2|(3, 54)|True|False
1708|(2, 55)|2|2|(2, 55)|True|False
1709|(1, 56)|2|2|(1, 56)|True|False
1710|(0, 57)|2|2|(0, 57)|True|False
1711|(58, 0)|2|2|(0, 58)|False|False
1712|(57, 1)|2|2|(1, 57)|False|False
1713|(56, 2)|2|2|(2, 56)|False|False
1714|(55, 3)|2|2|(3, 55)|False|False
1715|(54, 4)|2|2|(4, 54)|False|False
1716|(53, 5)|2|2|(5, 53)|False|False
1717|(52, 6)|2|2|(6, 52)|False|False
1718|(51, 7)|2|2|(7, 51)|False|False
1719|(50, 8)|2|2|(8, 50)|False|False
1720|(49, 9)|2|2|(9, 49)|False|False
1721|(48, 10)|2|2|(10, 48)|False|False
1722|(47, 11)|2|2|(11, 47)|False|False
1723|(46, 12)|2|2|(12, 46)|False|False
1724|(45, 13)|2|2|(13, 45)|False|False
1725|(44, 14)|2|2|(14, 44)|False|False
1726|(43, 15)|2|2|(15, 43)|False|False
1727|(42, 16)|2|2|(16, 42)|False|False
1728|(41, 17)|2|2|(17, 41)|False|False
1729|(40, 18)|2|2|(18, 40)|False|False
1730|(39, 19)|2|2|(19, 39)|False|False
1731|(38, 20)|2|2|(20, 38)|False|False
1732|(37, 21)|2|2|(21, 37)|False|False
1733|(36, 22)|2|2|(22, 36)|False|False
1734|(35, 23)|2|2|(23, 35)|False|False
1735|(34, 24)|2|2|(24, 34)|False|False
1736|(33, 25)|2|2|(25, 33)|False|False
1737|(32, 26)|2|2|(26, 32)|False|False
1738|(31, 27)|2|2|(27, 31)|False|False
1739|(30, 28)|2|2|(28, 30)|False|False
1740|(29, 29)|2|1|(29,)|False|False
1741|(28, 30)|2|2|(28, 30)|True|False
1742|(27, 31)|2|2|(27, 31)|True|False
1743|(26, 32)|2|2|(26, 32)|True|False
1744|(25, 33)|2|2|(25, 33)|True|False
1745|(24, 34)|2|2|(24, 34)|True|False
1746|(23, 35)|2|2|(23, 35)|True|False
1747|(22, 36)|2|2|(22, 36)|True|False
1748|(21, 37)|2|2|(21, 37)|True|False
1749|(20, 38)|2|2|(20, 38)|True|False
1750|(19, 39)|2|2|(19, 39)|True|False
1751|(18, 40)|2|2|(18, 40)|True|False
1752|(17, 41)|2|2|(17, 41)|True|False
1753|(16, 42)|2|2|(16, 42)|True|False
1754|(15, 43)|2|2|(15, 43)|True|False
1755|(14, 44)|2|2|(14, 44)|True|False
1756|(13, 45)|2|2|(13, 45)|True|False
1757|(12, 46)|2|2|(12, 46)|True|False
1758|(11, 47)|2|2|(11, 47)|True|False
1759|(10, 48)|2|2|(10, 48)|True|False
1760|(9, 49)|2|2|(9, 49)|True|False
1761|(8, 50)|2|2|(8, 50)|True|False
1762|(7, 51)|2|2|(7, 51)|True|False
1763|(6, 52)|2|2|(6, 52)|True|False
1764|(5, 53)|2|2|(5, 53)|True|False
1765|(4, 54)|2|2|(4, 54)|True|False
1766|(3, 55)|2|2|(3, 55)|True|False
1767|(2, 56)|2|2|(2, 56)|True|False
1768|(1, 57)|2|2|(1, 57)|True|False
1769|(0, 58)|2|2|(0, 58)|True|False
1770|(59, 0)|2|2|(0, 59)|False|False
1771|(58, 1)|2|2|(1, 58)|False|False
1772|(57, 2)|2|2|(2, 57)|False|False
1773|(56, 3)|2|2|(3, 56)|False|False
1774|(55, 4)|2|2|(4, 55)|False|False
1775|(54, 5)|2|2|(5, 54)|False|False
1776|(53, 6)|2|2|(6, 53)|False|False
1777|(52, 7)|2|2|(7, 52)|False|False
1778|(51, 8)|2|2|(8, 51)|False|False
1779|(50, 9)|2|2|(9, 50)|False|False
1780|(49, 10)|2|2|(10, 49)|False|False
1781|(48, 11)|2|2|(11, 48)|False|False
1782|(47, 12)|2|2|(12, 47)|False|False
1783|(46, 13)|2|2|(13, 46)|False|False
1784|(45, 14)|2|2|(14, 45)|False|False
1785|(44, 15)|2|2|(15, 44)|False|False
1786|(43, 16)|2|2|(16, 43)|False|False
1787|(42, 17)|2|2|(17, 42)|False|False
1788|(41, 18)|2|2|(18, 41)|False|False
1789|(40, 19)|2|2|(19, 40)|False|False
1790|(39, 20)|2|2|(20, 39)|False|False
1791|(38, 21)|2|2|(21, 38)|False|False
1792|(37, 22)|2|2|(22, 37)|False|False
1793|(36, 23)|2|2|(23, 36)|False|False
1794|(35, 24)|2|2|(24, 35)|False|False
1795|(34, 25)|2|2|(25, 34)|False|False
1796|(33, 26)|2|2|(26, 33)|False|False
1797|(32, 27)|2|2|(27, 32)|False|False
1798|(31, 28)|2|2|(28, 31)|False|False
1799|(30, 29)|2|2|(29, 30)|False|False
1800|(29, 30)|2|2|(29, 30)|True|False
1801|(28, 31)|2|2|(28, 31)|True|False
1802|(27, 32)|2|2|(27, 32)|True|False
1803|(26, 33)|2|2|(26, 33)|True|False
1804|(25, 34)|2|2|(25, 34)|True|False
1805|(24, 35)|2|2|(24, 35)|True|False
1806|(23, 36)|2|2|(23, 36)|True|False
1807|(22, 37)|2|2|(22, 37)|True|False
1808|(21, 38)|2|2|(21, 38)|True|False
1809|(20, 39)|2|2|(20, 39)|True|False
1810|(19, 40)|2|2|(19, 40)|True|False
1811|(18, 41)|2|2|(18, 41)|True|False
1812|(17, 42)|2|2|(17, 42)|True|False
1813|(16, 43)|2|2|(16, 43)|True|False
1814|(15, 44)|2|2|(15, 44)|True|False
1815|(14, 45)|2|2|(14, 45)|True|False
1816|(13, 46)|2|2|(13, 46)|True|False
1817|(12, 47)|2|2|(12, 47)|True|False
1818|(11, 48)|2|2|(11, 48)|True|False
1819|(10, 49)|2|2|(10, 49)|True|False
1820|(9, 50)|2|2|(9, 50)|True|False
1821|(8, 51)|2|2|(8, 51)|True|False
1822|(7, 52)|2|2|(7, 52)|True|False
1823|(6, 53)|2|2|(6, 53)|True|False
1824|(5, 54)|2|2|(5, 54)|True|False
1825|(4, 55)|2|2|(4, 55)|True|False
1826|(3, 56)|2|2|(3, 56)|True|False
1827|(2, 57)|2|2|(2, 57)|True|False
1828|(1, 58)|2|2|(1, 58)|True|False
1829|(0, 59)|2|2|(0, 59)|True|False
1830|(60, 0)|2|2|(0, 60)|False|False
1831|(59, 1)|2|2|(1, 59)|False|False
1832|(58, 2)|2|2|(2, 58)|False|False
1833|(57, 3)|2|2|(3, 57)|False|False
1834|(56, 4)|2|2|(4, 56)|False|False
1835|(55, 5)|2|2|(5, 55)|False|False
1836|(54, 6)|2|2|(6, 54)|False|False
1837|(53, 7)|2|2|(7, 53)|False|False
1838|(52, 8)|2|2|(8, 52)|False|False
1839|(51, 9)|2|2|(9, 51)|False|False
1840|(50, 10)|2|2|(10, 50)|False|False
1841|(49, 11)|2|2|(11, 49)|False|False
1842|(48, 12)|2|2|(12, 48)|False|False
1843|(47, 13)|2|2|(13, 47)|False|False
1844|(46, 14)|2|2|(14, 46)|False|False
1845|(45, 15)|2|2|(15, 45)|False|False
1846|(44, 16)|2|2|(16, 44)|False|False
1847|(43, 17)|2|2|(17, 43)|False|False
1848|(42, 18)|2|2|(18, 42)|False|False
1849|(41, 19)|2|2|(19, 41)|False|False
1850|(40, 20)|2|2|(20, 40)|False|False
1851|(39, 21)|2|2|(21, 39)|False|False
1852|(38, 22)|2|2|(22, 38)|False|False
1853|(37, 23)|2|2|(23, 37)|False|False
1854|(36, 24)|2|2|(24, 36)|False|False
1855|(35, 25)|2|2|(25, 35)|False|False
1856|(34, 26)|2|2|(26, 34)|False|False
1857|(33, 27)|2|2|(27, 33)|False|False
1858|(32, 28)|2|2|(28, 32)|False|False
1859|(31, 29)|2|2|(29, 31)|False|False
1860|(30, 30)|2|1|(30,)|False|False
1861|(29, 31)|2|2|(29, 31)|True|False
1862|(28, 32)|2|2|(28, 32)|True|False
1863|(27, 33)|2|2|(27, 33)|True|False
1864|(26, 34)|2|2|(26, 34)|True|False
1865|(25, 35)|2|2|(25, 35)|True|False
1866|(24, 36)|2|2|(24, 36)|True|False
1867|(23, 37)|2|2|(23, 37)|True|False
1868|(22, 38)|2|2|(22, 38)|True|False
1869|(21, 39)|2|2|(21, 39)|True|False
1870|(20, 40)|2|2|(20, 40)|True|False
1871|(19, 41)|2|2|(19, 41)|True|False
1872|(18, 42)|2|2|(18, 42)|True|False
1873|(17, 43)|2|2|(17, 43)|True|False
1874|(16, 44)|2|2|(16, 44)|True|False
1875|(15, 45)|2|2|(15, 45)|True|False
1876|(14, 46)|2|2|(14, 46)|True|False
1877|(13, 47)|2|2|(13, 47)|True|False
1878|(12, 48)|2|2|(12, 48)|True|False
1879|(11, 49)|2|2|(11, 49)|True|False
1880|(10, 50)|2|2|(10, 50)|True|False
1881|(9, 51)|2|2|(9, 51)|True|False
1882|(8, 52)|2|2|(8, 52)|True|False
1883|(7, 53)|2|2|(7, 53)|True|False
1884|(6, 54)|2|2|(6, 54)|True|False
1885|(5, 55)|2|2|(5, 55)|True|False
1886|(4, 56)|2|2|(4, 56)|True|False
1887|(3, 57)|2|2|(3, 57)|True|False
1888|(2, 58)|2|2|(2, 58)|True|False
1889|(1, 59)|2|2|(1, 59)|True|False
1890|(0, 60)|2|2|(0, 60)|True|False
1891|(61, 0)|2|2|(0, 61)|False|False
1892|(60, 1)|2|2|(1, 60)|False|False
1893|(59, 2)|2|2|(2, 59)|False|False
1894|(58, 3)|2|2|(3, 58)|False|False
1895|(57, 4)|2|2|(4, 57)|False|False
1896|(56, 5)|2|2|(5, 56)|False|False
1897|(55, 6)|2|2|(6, 55)|False|False
1898|(54, 7)|2|2|(7, 54)|False|False
1899|(53, 8)|2|2|(8, 53)|False|False
1900|(52, 9)|2|2|(9, 52)|False|False
1901|(51, 10)|2|2|(10, 51)|False|False
1902|(50, 11)|2|2|(11, 50)|False|False
1903|(49, 12)|2|2|(12, 49)|False|False
1904|(48, 13)|2|2|(13, 48)|False|False
1905|(47, 14)|2|2|(14, 47)|False|False
1906|(46, 15)|2|2|(15, 46)|False|False
1907|(45, 16)|2|2|(16, 45)|False|False
1908|(44, 17)|2|2|(17, 44)|False|False
1909|(43, 18)|2|2|(18, 43)|False|False
1910|(42, 19)|2|2|(19, 42)|False|False
1911|(41, 20)|2|2|(20, 41)|False|False
1912|(40, 21)|2|2|(21, 40)|False|False
1913|(39, 22)|2|2|(22, 39)|False|False
1914|(38, 23)|2|2|(23, 38)|False|False
1915|(37, 24)|2|2|(24, 37)|False|False
1916|(36, 25)|2|2|(25, 36)|False|False
1917|(35, 26)|2|2|(26, 35)|False|False
1918|(34, 27)|2|2|(27, 34)|False|False
1919|(33, 28)|2|2|(28, 33)|False|False
1920|(32, 29)|2|2|(29, 32)|False|False
1921|(31, 30)|2|2|(30, 31)|False|False
1922|(30, 31)|2|2|(30, 31)|True|False
1923|(29, 32)|2|2|(29, 32)|True|False
1924|(28, 33)|2|2|(28, 33)|True|False
1925|(27, 34)|2|2|(27, 34)|True|False
1926|(26, 35)|2|2|(26, 35)|True|False
1927|(25, 36)|2|2|(25, 36)|True|False
1928|(24, 37)|2|2|(24, 37)|True|False
1929|(23, 38)|2|2|(23, 38)|True|False
1930|(22, 39)|2|2|(22, 39)|True|False
1931|(21, 40)|2|2|(21, 40)|True|False
1932|(20, 41)|2|2|(20, 41)|True|False
1933|(19, 42)|2|2|(19, 42)|True|False
1934|(18, 43)|2|2|(18, 43)|True|False
1935|(17, 44)|2|2|(17, 44)|True|False
1936|(16, 45)|2|2|(16, 45)|True|False
1937|(15, 46)|2|2|(15, 46)|True|False
1938|(14, 47)|2|2|(14, 47)|True|False
1939|(13, 48)|2|2|(13, 48)|True|False
1940|(12, 49)|2|2|(12, 49)|True|False
1941|(11, 50)|2|2|(11, 50)|True|False
1942|(10, 51)|2|2|(10, 51)|True|False
1943|(9, 52)|2|2|(9, 52)|True|False
1944|(8, 53)|2|2|(8, 53)|True|False
1945|(7, 54)|2|2|(7, 54)|True|False
1946|(6, 55)|2|2|(6, 55)|True|False
1947|(5, 56)|2|2|(5, 56)|True|False
1948|(4, 57)|2|2|(4, 57)|True|False
1949|(3, 58)|2|2|(3, 58)|True|False
1950|(2, 59)|2|2|(2, 59)|True|False
1951|(1, 60)|2|2|(1, 60)|True|False
1952|(0, 61)|2|2|(0, 61)|True|False
1953|(62, 0)|2|2|(0, 62)|False|False
1954|(61, 1)|2|2|(1, 61)|False|False
1955|(60, 2)|2|2|(2, 60)|False|False
1956|(59, 3)|2|2|(3, 59)|False|False
1957|(58, 4)|2|2|(4, 58)|False|False
1958|(57, 5)|2|2|(5, 57)|False|False
1959|(56, 6)|2|2|(6, 56)|False|False
1960|(55, 7)|2|2|(7, 55)|False|False
1961|(54, 8)|2|2|(8, 54)|False|False
1962|(53, 9)|2|2|(9, 53)|False|False
1963|(52, 10)|2|2|(10, 52)|False|False
1964|(51, 11)|2|2|(11, 51)|False|False
1965|(50, 12)|2|2|(12, 50)|False|False
1966|(49, 13)|2|2|(13, 49)|False|False
1967|(48, 14)|2|2|(14, 48)|False|False
1968|(47, 15)|2|2|(15, 47)|False|False
1969|(46, 16)|2|2|(16, 46)|False|False
1970|(45, 17)|2|2|(17, 45)|False|False
1971|(44, 18)|2|2|(18, 44)|False|False
1972|(43, 19)|2|2|(19, 43)|False|False
1973|(42, 20)|2|2|(20, 42)|False|False
1974|(41, 21)|2|2|(21, 41)|False|False
1975|(40, 22)|2|2|(22, 40)|False|False
1976|(39, 23)|2|2|(23, 39)|False|False
1977|(38, 24)|2|2|(24, 38)|False|False
1978|(37, 25)|2|2|(25, 37)|False|False
1979|(36, 26)|2|2|(26, 36)|False|False
1980|(35, 27)|2|2|(27, 35)|False|False
1981|(34, 28)|2|2|(28, 34)|False|False
1982|(33, 29)|2|2|(29, 33)|False|False
1983|(32, 30)|2|2|(30, 32)|False|False
1984|(31, 31)|2|1|(31,)|False|False
1985|(30, 32)|2|2|(30, 32)|True|False
1986|(29, 33)|2|2|(29, 33)|True|False
1987|(28, 34)|2|2|(28, 34)|True|False
1988|(27, 35)|2|2|(27, 35)|True|False
1989|(26, 36)|2|2|(26, 36)|True|False
1990|(25, 37)|2|2|(25, 37)|True|False
1991|(24, 38)|2|2|(24, 38)|True|False
1992|(23, 39)|2|2|(23, 39)|True|False
1993|(22, 40)|2|2|(22, 40)|True|False
1994|(21, 41)|2|2|(21, 41)|True|False
1995|(20, 42)|2|2|(20, 42)|True|False
1996|(19, 43)|2|2|(19, 43)|True|False
1997|(18, 44)|2|2|(18, 44)|True|False
1998|(17, 45)|2|2|(17, 45)|True|False
1999|(16, 46)|2|2|(16, 46)|True|False
2000|(15, 47)|2|2|(15, 47)|True|False
2001|(14, 48)|2|2|(14, 48)|True|False
2002|(13, 49)|2|2|(13, 49)|True|False
2003|(12, 50)|2|2|(12, 50)|True|False
2004|(11, 51)|2|2|(11, 51)|True|False
2005|(10, 52)|2|2|(10, 52)|True|False
2006|(9, 53)|2|2|(9, 53)|True|False
2007|(8, 54)|2|2|(8, 54)|True|False
2008|(7, 55)|2|2|(7, 55)|True|False
2009|(6, 56)|2|2|(6, 56)|True|False
2010|(5, 57)|2|2|(5, 57)|True|False
2011|(4, 58)|2|2|(4, 58)|True|False
2012|(3, 59)|2|2|(3, 59)|True|False
2013|(2, 60)|2|2|(2, 60)|True|False
2014|(1, 61)|2|2|(1, 61)|True|False
2015|(0, 62)|2|2|(0, 62)|True|False
2016|(63, 0)|2|2|(0, 63)|False|False
2017|(62, 1)|2|2|(1, 62)|False|False
2018|(61, 2)|2|2|(2, 61)|False|False
2019|(60, 3)|2|2|(3, 60)|False|False
2020|(59, 4)|2|2|(4, 59)|False|False
2021|(58, 5)|2|2|(5, 58)|False|False
2022|(57, 6)|2|2|(6, 57)|False|False
2023|(56, 7)|2|2|(7, 56)|False|False
2024|(55, 8)|2|2|(8, 55)|False|False
2025|(54, 9)|2|2|(9, 54)|False|False
2026|(53, 10)|2|2|(10, 53)|False|False
2027|(52, 11)|2|2|(11, 52)|False|False
2028|(51, 12)|2|2|(12, 51)|False|False
2029|(50, 13)|2|2|(13, 50)|False|False
2030|(49, 14)|2|2|(14, 49)|False|False
2031|(48, 15)|2|2|(15, 48)|False|False
2032|(47, 16)|2|2|(16, 47)|False|False
2033|(46, 17)|2|2|(17, 46)|False|False
2034|(45, 18)|2|2|(18, 45)|False|False
2035|(44, 19)|2|2|(19, 44)|False|False
2036|(43, 20)|2|2|(20, 43)|False|False
2037|(42, 21)|2|2|(21, 42)|False|False
2038|(41, 22)|2|2|(22, 41)|False|False
2039|(40, 23)|2|2|(23, 40)|False|False
2040|(39, 24)|2|2|(24, 39)|False|False
2041|(38, 25)|2|2|(25, 38)|False|False
2042|(37, 26)|2|2|(26, 37)|False|False
2043|(36, 27)|2|2|(27, 36)|False|False
2044|(35, 28)|2|2|(28, 35)|False|False
2045|(34, 29)|2|2|(29, 34)|False|False
2046|(33, 30)|2|2|(30, 33)|False|False
2047|(32, 31)|2|2|(31, 32)|False|False
